"","index","usage","solar","rate","battery"
"1",1,1.1526,0,0.07075,0
"2",2,1.11621,0,0.07075,0
"3",3,1.11243,0,0.07075,0
"4",4,1.10704,0,0.07075,0
"5",5,1.22754,0,0.07075,0
"6",6,1.47529,0,0.07075,0
"7",7,1.75031,0,0.07075,0
"8",8,1.66179,0.0516012,0.07075,0
"9",9,1.41756,0.93836,0.07075,5
"10",10,1.22763,1.77038,0.07075,5
"11",11,1.03929,0.60992,0.11209,-5
"12",12,1.02649,1.6605,0.11209,5
"13",13,1.00608,1.74386,0.11209,5
"14",14,0.976208,0.257594,0.21338,-5
"15",15,0.962383,1.59176,0.21338,-5
"16",16,1.0341,0.385988,0.21338,0
"17",17,1.48796,0.0403585,0.21338,0
"18",18,2.15869,0,0.21338,0
"19",19,2.2945,0,0.21338,0
"20",20,2.2627,0,0.11209,0
"21",21,2.24587,0,0.11209,0
"22",22,1.97143,0,0.07075,0
"23",23,1.63065,0,0.07075,0
"24",24,1.34297,0,0.07075,0
"25",25,1.16475,0,0.07075,0
"26",26,1.14522,0,0.07075,0
"27",27,1.14793,0,0.07075,0
"28",28,1.15108,0,0.07075,0
"29",29,1.2632,0,0.07075,0
"30",30,1.49749,0,0.07075,0
"31",31,1.77624,0,0.07075,0
"32",32,1.70846,0,0.07075,0
"33",33,1.57265,0.235404,0.07075,0
"34",34,1.37911,0.183222,0.07075,0
"35",35,1.19221,0.409443,0.07075,0
"36",36,1.17561,0.439673,0.07075,0
"37",37,1.13553,0.39621,0.07075,0
"38",38,1.12084,0.264697,0.07075,0
"39",39,1.11103,0.309345,0.07075,0
"40",40,1.17891,0.337435,0.07075,5
"41",41,1.62619,0,0.07075,5
"42",42,2.17215,0,0.11209,-5
"43",43,2.28634,0,0.11209,-5
"44",44,2.24202,0,0.11209,0
"45",45,2.22374,0,0.07075,0
"46",46,1.94283,0,0.07075,0
"47",47,1.59379,0,0.07075,0
"48",48,1.30187,0,0.07075,0
"49",49,1.12415,0,0.07075,0
"50",50,1.10165,0,0.07075,0
"51",51,1.09429,0,0.07075,0
"52",52,1.08825,0,0.07075,0
"53",53,1.19465,0,0.07075,0
"54",54,1.42828,0,0.07075,0
"55",55,1.69429,0,0.07075,0
"56",56,1.61721,0.0376848,0.07075,0
"57",57,1.4991,0.477283,0.07075,0
"58",58,1.32401,0.707128,0.07075,0
"59",59,1.13791,1.64029,0.07075,0
"60",60,1.12234,1.37399,0.07075,0
"61",61,1.09413,1.20555,0.07075,0
"62",62,1.08536,1.97112,0.07075,0
"63",63,1.07464,0.270578,0.07075,0
"64",64,1.14666,1.14443,0.07075,5
"65",65,1.59959,0,0.07075,5
"66",66,2.14166,0,0.11209,-5
"67",67,2.25024,0,0.11209,-5
"68",68,2.20401,0,0.11209,0
"69",69,2.18283,0,0.07075,0
"70",70,1.90034,0,0.07075,0
"71",71,1.54986,0,0.07075,0
"72",72,1.24752,0,0.07075,0
"73",73,1.06278,0,0.07075,0
"74",74,1.03966,0,0.07075,0
"75",75,1.02623,0,0.07075,0
"76",76,1.01968,0,0.07075,0
"77",77,1.12774,0,0.07075,0
"78",78,1.36825,0,0.07075,0
"79",79,1.64495,0,0.07075,0
"80",80,1.5727,0.0480144,0.07075,0
"81",81,1.45955,0.620497,0.07075,0
"82",82,1.30677,0.717753,0.07075,0
"83",83,1.14679,0.488404,0.07075,0
"84",84,1.149,0.987681,0.07075,0
"85",85,1.12746,0.288779,0.07075,0
"86",86,1.11911,0.262707,0.07075,0
"87",87,1.11243,0.243734,0.07075,0
"88",88,1.18297,0.426806,0.07075,0
"89",89,1.62297,0,0.07075,0
"90",90,2.15373,0,0.07075,0
"91",91,2.25317,0,0.07075,0
"92",92,2.2018,0,0.07075,0
"93",93,2.17874,0,0.07075,0
"94",94,1.89446,0,0.07075,0
"95",95,1.53858,0,0.07075,0
"96",96,1.23776,0,0.07075,0
"97",97,1.05084,0,0.07075,0
"98",98,1.02273,0,0.07075,0
"99",99,1.00893,0,0.07075,0
"100",100,1.00229,0,0.07075,0
"101",101,1.11035,0,0.07075,0
"102",102,1.34359,0,0.07075,0
"103",103,1.61772,0,0.07075,0
"104",104,1.55006,0.0358352,0.07075,0
"105",105,1.44644,0.192914,0.07075,5
"106",106,1.28518,0.360216,0.07075,5
"107",107,1.12287,0.404484,0.11209,-5
"108",108,1.12743,0.600672,0.11209,5
"109",109,1.10488,0.414027,0.11209,5
"110",110,1.09305,0.262951,0.21338,-5
"111",111,1.08707,0.540595,0.21338,-5
"112",112,1.15632,0.658042,0.21338,0
"113",113,1.59534,0,0.21338,0
"114",114,2.12663,0,0.21338,0
"115",115,2.23191,0,0.21338,0
"116",116,2.18257,0,0.11209,0
"117",117,2.15824,0,0.11209,0
"118",118,1.87355,0,0.07075,0
"119",119,1.51997,0,0.07075,0
"120",120,1.22928,0,0.07075,0
"121",121,1.05176,0,0.07075,0
"122",122,1.03137,0,0.07075,0
"123",123,1.02202,0,0.07075,0
"124",124,1.0199,0,0.07075,0
"125",125,1.13059,0,0.07075,0
"126",126,1.3578,0,0.07075,0
"127",127,1.62597,0,0.07075,0
"128",128,1.60363,0.0345335,0.07075,0
"129",129,1.43603,0.256156,0.07075,5
"130",130,1.28721,0.554895,0.07075,5
"131",131,1.1236,1.01675,0.11209,-5
"132",132,1.10975,2.38342,0.11209,5
"133",133,1.06729,2.80358,0.11209,5
"134",134,1.05219,2.71553,0.21338,-5
"135",135,1.04128,1.94949,0.21338,-5
"136",136,1.11023,1.45777,0.21338,0
"137",137,1.49892,0,0.21338,0
"138",138,2.09301,0,0.21338,0
"139",139,2.20973,0,0.21338,0
"140",140,2.16608,0,0.11209,0
"141",141,2.15232,0,0.11209,0
"142",142,1.87787,0,0.07075,0
"143",143,1.52945,0,0.07075,0
"144",144,1.2297,0,0.07075,0
"145",145,1.04157,0,0.07075,0
"146",146,1.01716,0,0.07075,0
"147",147,1.01074,0,0.07075,0
"148",148,1.00546,0,0.07075,0
"149",149,1.11889,0,0.07075,0
"150",150,1.35844,0,0.07075,0
"151",151,1.63036,0,0.07075,0
"152",152,1.54471,0,0.07075,0
"153",153,1.32155,0.46759,0.07075,5
"154",154,1.17257,0.38206,0.07075,5
"155",155,1.00672,0.494126,0.11209,-5
"156",156,0.996367,1.27815,0.11209,5
"157",157,0.976174,1.33286,0.11209,5
"158",158,0.950968,2.10442,0.21338,-5
"159",159,0.944264,1.59949,0.21338,-5
"160",160,1.01542,0.70275,0.21338,0
"161",161,1.40288,0,0.21338,0
"162",162,2.11522,0,0.21338,0
"163",163,2.2301,0,0.21338,0
"164",164,2.18283,0,0.11209,0
"165",165,2.15909,0,0.11209,0
"166",166,1.87246,0,0.07075,0
"167",167,1.5153,0,0.07075,0
"168",168,1.21575,0,0.07075,0
"169",169,1.03353,0,0.07075,0
"170",170,1.0122,0,0.07075,0
"171",171,1.00585,0,0.07075,0
"172",172,1.00737,0,0.07075,0
"173",173,1.11631,0,0.07075,0
"174",174,1.34825,0,0.07075,0
"175",175,1.62314,0,0.07075,0
"176",176,1.53846,0.032829,0.07075,0
"177",177,1.30769,0.351614,0.07075,5
"178",178,1.15215,0.942232,0.07075,5
"179",179,0.990917,0.757854,0.11209,-5
"180",180,0.986887,1.07938,0.11209,5
"181",181,0.971583,2.65175,0.11209,5
"182",182,0.951872,1.96285,0.21338,-5
"183",183,0.941066,0.596289,0.21338,-5
"184",184,1.00593,0.518967,0.21338,0
"185",185,1.39416,0,0.21338,0
"186",186,2.11369,0,0.21338,0
"187",187,2.23782,0,0.21338,0
"188",188,2.1937,0,0.11209,0
"189",189,2.17761,0,0.11209,0
"190",190,1.9043,0,0.07075,0
"191",191,1.5629,0,0.07075,0
"192",192,1.26386,0,0.07075,0
"193",193,1.07788,0,0.07075,0
"194",194,1.07149,0,0.07075,0
"195",195,1.07413,0,0.07075,0
"196",196,1.07587,0,0.07075,0
"197",197,1.19391,0,0.07075,0
"198",198,1.43228,0,0.07075,0
"199",199,1.70441,0,0.07075,0
"200",200,1.62384,0,0.07075,0
"201",201,1.48928,0.100875,0.07075,0
"202",202,1.30886,0.164819,0.07075,0
"203",203,1.14695,0.703331,0.07075,0
"204",204,1.15636,2.50558,0.07075,0
"205",205,1.11535,2.77766,0.07075,0
"206",206,1.08438,2.61623,0.07075,0
"207",207,1.06867,2.08608,0.07075,0
"208",208,1.14137,1.48343,0.07075,5
"209",209,1.53382,0,0.07075,5
"210",210,2.13378,0,0.11209,-5
"211",211,2.24864,0,0.11209,-5
"212",212,2.20933,0,0.11209,0
"213",213,2.1894,0,0.07075,0
"214",214,1.91212,0,0.07075,0
"215",215,1.57075,0,0.07075,0
"216",216,1.29291,0,0.07075,0
"217",217,1.12552,0,0.07075,0
"218",218,1.10133,0,0.07075,0
"219",219,1.09581,0,0.07075,0
"220",220,1.09791,0,0.07075,0
"221",221,1.21334,0,0.07075,0
"222",222,1.44422,0,0.07075,0
"223",223,1.71818,0,0.07075,0
"224",224,1.64604,0.0637195,0.07075,0
"225",225,1.50838,0.968665,0.07075,0
"226",226,1.33216,1.8357,0.07075,0
"227",227,1.1569,2.44036,0.07075,0
"228",228,1.14253,2.7376,0.07075,0
"229",229,1.10782,2.79368,0.07075,0
"230",230,1.09167,2.73132,0.07075,0
"231",231,1.08276,2.27629,0.07075,0
"232",232,1.15592,1.45943,0.07075,5
"233",233,1.54328,0,0.07075,5
"234",234,2.14091,0,0.11209,-5
"235",235,2.25076,0,0.11209,-5
"236",236,2.20964,0,0.11209,0
"237",237,2.20816,0,0.07075,0
"238",238,1.93231,0,0.07075,0
"239",239,1.57603,0,0.07075,0
"240",240,1.28189,0,0.07075,0
"241",241,1.10351,0,0.07075,0
"242",242,1.09094,0,0.07075,0
"243",243,1.09183,0,0.07075,0
"244",244,1.0955,0,0.07075,0
"245",245,1.20582,0,0.07075,0
"246",246,1.42937,0,0.07075,0
"247",247,1.69037,0,0.07075,0
"248",248,1.61287,0.0608117,0.07075,0
"249",249,1.50202,0.96203,0.07075,5
"250",250,1.35405,1.89858,0.07075,5
"251",251,1.19538,2.48364,0.11209,-5
"252",252,1.1589,2.85888,0.11209,5
"253",253,1.10409,2.93615,0.11209,5
"254",254,1.08377,2.77368,0.21338,-5
"255",255,1.07098,2.3073,0.21338,-5
"256",256,1.13534,1.55673,0.21338,0
"257",257,1.52867,0,0.21338,0
"258",258,2.13637,0,0.21338,0
"259",259,2.24893,0,0.21338,0
"260",260,2.21722,0,0.11209,0
"261",261,2.19642,0,0.11209,0
"262",262,1.92501,0,0.07075,0
"263",263,1.58724,0,0.07075,0
"264",264,1.30363,0,0.07075,0
"265",265,1.13012,0,0.07075,0
"266",266,1.1097,0,0.07075,0
"267",267,1.10628,0,0.07075,0
"268",268,1.10151,0,0.07075,0
"269",269,1.21712,0,0.07075,0
"270",270,1.45858,0,0.07075,0
"271",271,1.73177,0,0.07075,0
"272",272,1.64708,0.0608304,0.07075,0
"273",273,1.50662,0.994138,0.07075,5
"274",274,1.31572,1.81743,0.07075,5
"275",275,1.12984,2.42217,0.11209,-5
"276",276,1.12141,2.73499,0.11209,5
"277",277,1.08692,2.86664,0.11209,5
"278",278,1.06825,2.71691,0.21338,-5
"279",279,1.05508,2.25272,0.21338,-5
"280",280,1.12358,1.47853,0.21338,0
"281",281,1.5139,0,0.21338,0
"282",282,2.11451,0,0.21338,0
"283",283,2.22959,0,0.21338,0
"284",284,2.19456,0,0.11209,0
"285",285,2.19287,0,0.11209,0
"286",286,1.91957,0,0.07075,0
"287",287,1.55852,0,0.07075,5
"288",288,1.27125,0,0.07075,5
"289",289,1.10487,0,0.2662364,-5
"290",290,1.08142,0,0.2662364,-5
"291",291,1.07286,0,0.2662364,0
"292",292,1.06517,0,0.2662364,0
"293",293,1.17397,0,0.2662364,0
"294",294,1.42287,0,0.2662364,0
"295",295,1.69648,0,0.2662364,0
"296",296,1.60578,0.0645202,0.2662364,0
"297",297,1.47485,1.01741,0.2662364,5
"298",298,1.30094,1.82783,0.2662364,5
"299",299,1.127,2.49541,0.34301372,-5
"300",300,1.12451,2.85045,0.34301372,5
"301",301,1.0922,2.96138,0.34301372,5
"302",302,1.07586,2.75313,0.45828372,-5
"303",303,1.06378,2.17159,0.45828372,-5
"304",304,1.135,1.57746,0.45828372,0
"305",305,1.52624,0,0.45828372,0
"306",306,2.12297,0,0.45828372,0
"307",307,2.2328,0,0.45828372,0
"308",308,2.18659,0,0.34301372,0
"309",309,2.17092,0,0.34301372,0
"310",310,1.89227,0,0.2662364,0
"311",311,1.54703,0,0.2662364,0
"312",312,1.26034,0,0.2662364,0
"313",313,1.08019,0,0.2662364,0
"314",314,1.06619,0,0.2662364,0
"315",315,1.06492,0,0.2662364,0
"316",316,1.06231,0,0.2662364,0
"317",317,1.17305,0,0.2662364,0
"318",318,1.4161,0,0.2662364,0
"319",319,1.69803,0,0.2662364,0
"320",320,1.6106,0.0823231,0.2662364,0
"321",321,1.37655,1.01455,0.2662364,5
"322",322,1.21605,1.89353,0.2662364,5
"323",323,1.04461,2.43684,0.34301372,-5
"324",324,1.04329,2.65787,0.34301372,5
"325",325,0.999027,2.93925,0.34301372,5
"326",326,0.946075,2.75661,0.45828372,-5
"327",327,0.922638,2.30511,0.45828372,-5
"328",328,0.99337,1.51165,0.45828372,0
"329",329,1.38925,0,0.45828372,0
"330",330,2.10744,0,0.45828372,0
"331",331,2.22644,0,0.45828372,0
"332",332,2.18272,0,0.34301372,0
"333",333,2.168,0,0.34301372,0
"334",334,1.898,0,0.2662364,0
"335",335,1.54178,0,0.2662364,0
"336",336,1.2383,0,0.2662364,0
"337",337,1.06616,0,0.2662364,0
"338",338,1.05464,0,0.2662364,0
"339",339,1.05463,0,0.2662364,0
"340",340,1.05739,0,0.2662364,0
"341",341,1.17262,0,0.2662364,0
"342",342,1.40726,0,0.2662364,0
"343",343,1.6809,0,0.2662364,0
"344",344,1.59621,0.0806093,0.2662364,0
"345",345,1.34003,0.999452,0.2662364,5
"346",346,1.15286,1.84636,0.2662364,5
"347",347,0.974114,2.4917,0.34301372,-5
"348",348,0.963923,2.63642,0.34301372,5
"349",349,0.939932,2.85816,0.34301372,5
"350",350,0.912168,2.71089,0.45828372,-5
"351",351,0.905667,2.29374,0.45828372,-5
"352",352,0.971201,1.58654,0.45828372,0
"353",353,1.35503,0,0.45828372,0
"354",354,2.0726,0,0.45828372,0
"355",355,2.1935,0,0.45828372,0
"356",356,2.14514,0,0.34301372,0
"357",357,2.13055,0,0.34301372,0
"358",358,1.85261,0,0.2662364,0
"359",359,1.49554,0,0.2662364,0
"360",360,1.19901,0,0.2662364,0
"361",361,1.02609,0,0.2662364,0
"362",362,1.00821,0,0.2662364,0
"363",363,0.998347,0,0.2662364,0
"364",364,0.989506,0,0.2662364,0
"365",365,1.0983,0,0.2662364,0
"366",366,1.33832,0,0.2662364,0
"367",367,1.62887,0,0.2662364,0
"368",368,1.54449,0.0773175,0.2662364,0
"369",369,1.29613,0.997575,0.2662364,0
"370",370,1.1255,1.82911,0.2662364,0
"371",371,0.954264,2.47198,0.2662364,0
"372",372,0.958646,2.77828,0.2662364,0
"373",373,0.962635,2.88796,0.2662364,0
"374",374,0.947231,2.55308,0.2662364,0
"375",375,0.944964,2.13095,0.2662364,0
"376",376,1.00819,1.65953,0.2662364,5
"377",377,1.38033,0,0.2662364,5
"378",378,2.08453,0,0.34301372,-5
"379",379,2.20225,0,0.34301372,-5
"380",380,2.172,0,0.34301372,0
"381",381,2.15919,0,0.2662364,0
"382",382,1.87881,0,0.2662364,0
"383",383,1.51808,0,0.2662364,0
"384",384,1.21718,0,0.2662364,0
"385",385,1.04453,0,0.2662364,0
"386",386,1.0212,0,0.2662364,0
"387",387,1.00912,0,0.2662364,0
"388",388,1.00395,0,0.2662364,0
"389",389,1.11454,0,0.2662364,0
"390",390,1.36115,0,0.2662364,0
"391",391,1.64217,0,0.2662364,0
"392",392,1.56895,0,0.2662364,0
"393",393,1.44485,0.467731,0.2662364,0
"394",394,1.27019,1.28314,0.2662364,0
"395",395,1.09831,2.28354,0.2662364,0
"396",396,1.10323,2.52705,0.2662364,0
"397",397,1.09233,2.68426,0.2662364,0
"398",398,1.09502,2.02035,0.2662364,0
"399",399,1.0981,1.32568,0.2662364,0
"400",400,1.15694,1.24813,0.2662364,5
"401",401,1.52152,0,0.2662364,5
"402",402,2.04347,0,0.34301372,-5
"403",403,2.22097,0,0.34301372,-5
"404",404,2.18953,0,0.34301372,0
"405",405,2.17596,0,0.2662364,0
"406",406,1.90349,0,0.2662364,0
"407",407,1.558,0,0.2662364,0
"408",408,1.26541,0,0.2662364,0
"409",409,1.09193,0,0.2662364,0
"410",410,1.08647,0,0.2662364,0
"411",411,1.08075,0,0.2662364,0
"412",412,1.07667,0,0.2662364,0
"413",413,1.19229,0,0.2662364,0
"414",414,1.43502,0,0.2662364,0
"415",415,1.70808,0,0.2662364,0
"416",416,1.62083,0.06032,0.2662364,0
"417",417,1.48493,0.770234,0.2662364,5
"418",418,1.30802,1.83894,0.2662364,5
"419",419,1.13324,1.52889,0.34301372,-5
"420",420,1.12958,2.67778,0.34301372,5
"421",421,1.0978,2.93388,0.34301372,5
"422",422,1.08846,2.75978,0.45828372,-5
"423",423,1.07683,2.2723,0.45828372,-5
"424",424,1.13956,1.70562,0.45828372,0
"425",425,1.52117,0,0.45828372,0
"426",426,2.06166,0,0.45828372,0
"427",427,2.23616,0,0.45828372,0
"428",428,2.19583,0,0.34301372,0
"429",429,2.1848,0,0.34301372,0
"430",430,1.9155,0,0.2662364,0
"431",431,1.57117,0,0.2662364,0
"432",432,1.273,0,0.2662364,0
"433",433,1.08919,0,0.2662364,0
"434",434,1.06518,0,0.2662364,0
"435",435,1.05299,0,0.2662364,0
"436",436,1.04753,0,0.2662364,0
"437",437,1.15714,0,0.2662364,0
"438",438,1.4,0,0.2662364,0
"439",439,1.68027,0,0.2662364,0
"440",440,1.60916,0,0.2662364,0
"441",441,1.47999,0.237904,0.2662364,5
"442",442,1.30332,0.990134,0.2662364,5
"443",443,1.13082,2.50281,0.34301372,-5
"444",444,1.12732,2.88279,0.34301372,5
"445",445,1.09717,2.87463,0.34301372,5
"446",446,1.08223,2.80055,0.45828372,-5
"447",447,1.06817,2.33133,0.45828372,-5
"448",448,1.13286,1.63813,0.45828372,0
"449",449,1.5233,0,0.45828372,0
"450",450,2.06759,0,0.45828372,0
"451",451,2.23784,0,0.45828372,0
"452",452,2.19443,0,0.34301372,0
"453",453,2.17705,0,0.34301372,0
"454",454,1.91199,0,0.2662364,0
"455",455,1.57129,0,0.2662364,0
"456",456,1.2936,0,0.2662364,0
"457",457,1.12254,0,0.2662364,0
"458",458,1.10192,0,0.2662364,0
"459",459,1.10195,0,0.2662364,0
"460",460,1.10773,0,0.2662364,0
"461",461,1.23141,0,0.2662364,0
"462",462,1.46206,0,0.2662364,0
"463",463,1.73507,0,0.2662364,0
"464",464,1.65826,0.0957525,0.2662364,0
"465",465,1.5105,1.11206,0.2662364,5
"466",466,1.31642,1.95086,0.2662364,5
"467",467,1.12692,2.50307,0.34301372,-5
"468",468,1.11994,2.85132,0.34301372,5
"469",469,1.08931,2.76689,0.34301372,5
"470",470,1.08153,2.80661,0.45828372,-5
"471",471,1.07313,2.48783,0.45828372,-5
"472",472,1.13735,1.78048,0.45828372,0
"473",473,1.51816,0,0.45828372,0
"474",474,2.05736,0,0.45828372,0
"475",475,2.23152,0,0.45828372,0
"476",476,2.19366,0,0.34301372,0
"477",477,2.18921,0,0.34301372,0
"478",478,1.92649,0,0.2662364,0
"479",479,1.58151,0,0.2662364,0
"480",480,1.28604,0,0.2662364,0
"481",481,1.10697,0,0.2662364,0
"482",482,1.098,0,0.2662364,0
"483",483,1.10438,0,0.2662364,0
"484",484,1.10826,0,0.2662364,0
"485",485,1.21872,0,0.2662364,0
"486",486,1.46447,0,0.2662364,0
"487",487,1.73844,0,0.2662364,0
"488",488,1.64449,0.0838121,0.2662364,0
"489",489,1.3915,0.696677,0.2662364,5
"490",490,1.2051,1.81864,0.2662364,5
"491",491,1.01794,2.57897,0.34301372,-5
"492",492,1.00464,2.91149,0.34301372,5
"493",493,0.98318,2.97306,0.34301372,5
"494",494,0.949207,2.89524,0.45828372,-5
"495",495,0.93182,2.28747,0.45828372,-5
"496",496,1.00123,1.68202,0.45828372,0
"497",497,1.3977,0.681136,0.45828372,0
"498",498,2.06795,0,0.45828372,0
"499",499,2.24938,0,0.45828372,0
"500",500,2.20526,0,0.34301372,0
"501",501,2.1844,0,0.34301372,0
"502",502,1.90062,0,0.2662364,0
"503",503,1.54561,0,0.2662364,0
"504",504,1.24536,0,0.2662364,0
"505",505,1.05855,0,0.2662364,0
"506",506,1.03127,0,0.2662364,0
"507",507,1.01859,0,0.2662364,0
"508",508,1.01875,0,0.2662364,0
"509",509,1.12967,0,0.2662364,0
"510",510,1.37556,0,0.2662364,0
"511",511,1.66035,0,0.2662364,0
"512",512,1.57558,0,0.2662364,0
"513",513,1.34145,0.168898,0.2662364,5
"514",514,1.17945,0.388414,0.2662364,5
"515",515,1.0221,0.427667,0.34301372,-5
"516",516,1.007,1.56556,0.34301372,5
"517",517,0.982083,2.86109,0.34301372,5
"518",518,0.951584,2.72154,0.45828372,-5
"519",519,0.944726,2.15958,0.45828372,-5
"520",520,1.01954,1.74951,0.45828372,0
"521",521,1.41433,0.601795,0.45828372,0
"522",522,2.07666,0,0.45828372,0
"523",523,2.25847,0,0.45828372,0
"524",524,2.21698,0,0.34301372,0
"525",525,2.19521,0,0.34301372,0
"526",526,1.91731,0,0.2662364,0
"527",527,1.57038,0,0.2662364,0
"528",528,1.278,0,0.2662364,0
"529",529,1.09752,0,0.2662364,0
"530",530,1.07998,0,0.2662364,0
"531",531,1.07835,0,0.2662364,0
"532",532,1.08562,0,0.2662364,0
"533",533,1.20642,0,0.2662364,0
"534",534,1.44884,0,0.2662364,0
"535",535,1.72401,0,0.2662364,0
"536",536,1.64238,0,0.2662364,0
"537",537,1.52217,0.236944,0.2662364,0
"538",538,1.34404,0.38647,0.2662364,0
"539",539,1.15706,0.587064,0.2662364,0
"540",540,1.13893,2.31218,0.2662364,0
"541",541,1.09985,2.86716,0.2662364,0
"542",542,1.08187,2.64052,0.2662364,0
"543",543,1.07392,2.10829,0.2662364,0
"544",544,1.14275,1.67908,0.2662364,5
"545",545,1.53233,0.553547,0.2662364,5
"546",546,2.08689,0,0.34301372,-5
"547",547,2.26108,0,0.34301372,-5
"548",548,2.2275,0,0.34301372,0
"549",549,2.21755,0,0.2662364,0
"550",550,1.9475,0,0.2662364,0
"551",551,1.59006,0,0.2662364,0
"552",552,1.28815,0,0.2662364,0
"553",553,1.1152,0,0.2662364,0
"554",554,1.09133,0,0.2662364,0
"555",555,1.08806,0,0.2662364,0
"556",556,1.09183,0,0.2662364,0
"557",557,1.20658,0,0.2662364,0
"558",558,1.44088,0,0.2662364,0
"559",559,1.70641,0,0.2662364,0
"560",560,1.62566,0.122068,0.2662364,0
"561",561,1.50087,1.00805,0.2662364,0
"562",562,1.32382,1.65869,0.2662364,0
"563",563,1.13937,0.951372,0.2662364,0
"564",564,1.13131,2.49753,0.2662364,0
"565",565,1.09766,2.90385,0.2662364,0
"566",566,1.07712,2.81943,0.2662364,0
"567",567,1.06269,2.27841,0.2662364,0
"568",568,1.131,0.950534,0.2662364,5
"569",569,1.51881,0.714836,0.2662364,5
"570",570,2.06319,0,0.34301372,-5
"571",571,2.23808,0,0.34301372,-5
"572",572,2.19872,0,0.34301372,0
"573",573,2.1912,0,0.2662364,0
"574",574,1.9169,0,0.2662364,0
"575",575,1.5738,0,0.2662364,0
"576",576,1.28644,0,0.2662364,0
"577",577,1.11378,0,0.2662364,0
"578",578,1.1049,0,0.2662364,0
"579",579,1.10248,0,0.2662364,0
"580",580,1.10151,0,0.2662364,0
"581",581,1.21802,0,0.2662364,0
"582",582,1.46128,0,0.2662364,0
"583",583,1.73336,0,0.2662364,0
"584",584,1.64993,0.0562603,0.2662364,0
"585",585,1.51598,0.181948,0.2662364,5
"586",586,1.34235,0.401487,0.2662364,5
"587",587,1.17053,1.53381,0.34301372,-5
"588",588,1.15732,1.79256,0.34301372,5
"589",589,1.12044,0.962503,0.34301372,5
"590",590,1.09751,0.621616,0.45828372,-5
"591",591,1.08697,0.313288,0.45828372,-5
"592",592,1.15315,0.374441,0.45828372,0
"593",593,1.54286,0.16511,0.45828372,0
"594",594,2.09114,0,0.45828372,0
"595",595,2.25767,0,0.45828372,0
"596",596,2.21375,0,0.34301372,0
"597",597,2.1965,0,0.34301372,0
"598",598,1.92104,0,0.2662364,0
"599",599,1.57913,0,0.2662364,0
"600",600,1.28782,0,0.2662364,0
"601",601,1.10068,0,0.2662364,0
"602",602,1.0831,0,0.2662364,0
"603",603,1.08353,0,0.2662364,0
"604",604,1.07837,0,0.2662364,0
"605",605,1.18937,0,0.2662364,0
"606",606,1.43012,0,0.2662364,0
"607",607,1.7011,0,0.2662364,0
"608",608,1.61521,0,0.2662364,0
"609",609,1.49929,0.250121,0.2662364,5
"610",610,1.34113,0.554081,0.2662364,5
"611",611,1.14943,1.54534,0.34301372,-5
"612",612,1.11748,2.05696,0.34301372,5
"613",613,1.07297,2.81894,0.34301372,5
"614",614,1.05455,1.38737,0.45828372,-5
"615",615,1.04443,0.484091,0.45828372,-5
"616",616,1.11966,1.64891,0.45828372,0
"617",617,1.51465,0.152935,0.45828372,0
"618",618,2.00415,0,0.45828372,0
"619",619,2.23113,0,0.45828372,0
"620",620,2.18702,0,0.34301372,0
"621",621,2.16764,0,0.34301372,0
"622",622,1.88119,0,0.2662364,0
"623",623,1.5322,0,0.2662364,0
"624",624,1.2447,0,0.2662364,0
"625",625,1.06828,0,0.2662364,0
"626",626,1.05256,0,0.2662364,0
"627",627,1.04647,0,0.2662364,0
"628",628,1.03784,0,0.2662364,0
"629",629,1.15201,0,0.2662364,0
"630",630,1.40006,0,0.2662364,0
"631",631,1.68338,0,0.2662364,0
"632",632,1.59834,0.00211181,0.2662364,0
"633",633,1.44977,0.317361,0.2662364,5
"634",634,1.26937,1.18571,0.2662364,5
"635",635,1.10158,0.55519,0.34301372,-5
"636",636,1.09485,0.940762,0.34301372,5
"637",637,1.06587,2.5945,0.34301372,5
"638",638,1.06426,0.67798,0.45828372,-5
"639",639,1.05782,0.276689,0.45828372,-5
"640",640,1.12608,0.178506,0.45828372,0
"641",641,1.50427,0.0589808,0.45828372,0
"642",642,1.97773,0,0.45828372,0
"643",643,2.20509,0,0.45828372,0
"644",644,2.16527,0,0.34301372,0
"645",645,2.1534,0,0.34301372,0
"646",646,1.87897,0,0.2662364,0
"647",647,1.52944,0,0.2662364,0
"648",648,1.25005,0,0.2662364,0
"649",649,1.07829,0,0.2662364,0
"650",650,1.06111,0,0.2662364,0
"651",651,1.05967,0,0.2662364,0
"652",652,1.06928,0,0.2662364,0
"653",653,1.18506,0,0.2662364,0
"654",654,1.42793,0,0.2662364,0
"655",655,1.7046,0,0.2662364,0
"656",656,1.61634,0,0.2662364,0
"657",657,1.37006,0.134154,0.2662364,5
"658",658,1.19194,1.09868,0.2662364,5
"659",659,1.00778,0.946713,0.34301372,-5
"660",660,0.992253,0.312758,0.34301372,5
"661",661,0.97291,0.354002,0.34301372,5
"662",662,0.934764,2.75653,0.45828372,-5
"663",663,0.908164,2.15509,0.45828372,-5
"664",664,0.976819,1.74889,0.45828372,0
"665",665,1.37937,0.673087,0.45828372,0
"666",666,1.99134,0,0.45828372,0
"667",667,2.22254,0,0.45828372,0
"668",668,2.17361,0,0.34301372,0
"669",669,2.15339,0,0.34301372,0
"670",670,1.87034,0,0.2662364,0
"671",671,1.51431,0,0.2662364,0
"672",672,1.21945,0,0.2662364,0
"673",673,1.03732,0,0.2662364,0
"674",674,1.01108,0,0.2662364,0
"675",675,1.00125,0,0.2662364,0
"676",676,0.995397,0,0.2662364,0
"677",677,1.10178,0,0.2662364,0
"678",678,1.33907,0,0.2662364,0
"679",679,1.61353,0,0.2662364,0
"680",680,1.53064,0.16142,0.2662364,0
"681",681,1.30623,1.04603,0.2662364,5
"682",682,1.15098,2.05573,0.2662364,5
"683",683,0.98487,2.65842,0.34301372,-5
"684",684,0.992257,3.03208,0.34301372,5
"685",685,0.995905,3.15974,0.34301372,5
"686",686,0.978873,2.94555,0.45828372,-5
"687",687,0.991946,2.57355,0.45828372,-5
"688",688,1.07526,1.87745,0.45828372,0
"689",689,1.46242,0.628902,0.45828372,0
"690",690,2.05758,0,0.45828372,0
"691",691,2.28469,0,0.45828372,0
"692",692,2.24058,0,0.34301372,0
"693",693,2.22127,0,0.34301372,0
"694",694,1.93942,0,0.2662364,0
"695",695,1.58855,0,0.2662364,0
"696",696,1.29221,0,0.2662364,0
"697",697,1.10714,0,0.2662364,0
"698",698,1.07665,0,0.2662364,0
"699",699,1.06146,0,0.2662364,0
"700",700,1.05838,0,0.2662364,0
"701",701,1.16567,0,0.2662364,0
"702",702,1.39338,0,0.2662364,0
"703",703,1.66023,0,0.2662364,0
"704",704,1.59117,0.182341,0.2662364,0
"705",705,1.48335,1.15062,0.2662364,0
"706",706,1.32427,2.03766,0.2662364,0
"707",707,1.15313,2.51321,0.2662364,0
"708",708,1.13696,2.87451,0.2662364,0
"709",709,1.09973,3.03493,0.2662364,0
"710",710,1.08592,2.36143,0.2662364,0
"711",711,1.07494,2.49468,0.2662364,0
"712",712,1.14078,1.88755,0.2662364,5
"713",713,1.53153,0.884286,0.2662364,5
"714",714,2.02443,0,0.34301372,-5
"715",715,2.25338,0,0.34301372,-5
"716",716,2.20947,0,0.34301372,0
"717",717,2.19176,0,0.2662364,0
"718",718,1.90992,0,0.2662364,0
"719",719,1.5616,0,0.2662364,0
"720",720,1.2681,0,0.2662364,0
