i,v
1,0
2,0
3,0
4,0
5,0
6,0
7,0
8,0.0516012
9,0.93836
10,1.77038
11,0.60992
12,1.6605
13,1.74386
14,0.257594
15,1.59176
16,0.385988
17,0.0403585
18,0
19,0
20,0
21,0
22,0
23,0
24,0
25,0
26,0
27,0
28,0
29,0
30,0
31,0
32,0
33,0.235404
34,0.183222
35,0.409443
36,0.439673
37,0.39621
38,0.264697
39,0.309345
40,0.337435
41,0
42,0
43,0
44,0
45,0
46,0
47,0
48,0
49,0
50,0
51,0
52,0
53,0
54,0
55,0
56,0.0376848
57,0.477283
58,0.707128
59,1.64029
60,1.37399
61,1.20555
62,1.97112
63,0.270578
64,1.14443
65,0
66,0
67,0
68,0
69,0
70,0
71,0
72,0
73,0
74,0
75,0
76,0
77,0
78,0
79,0
80,0.0480144
81,0.620497
82,0.717753
83,0.488404
84,0.987681
85,0.288779
86,0.262707
87,0.243734
88,0.426806
89,0
90,0
91,0
92,0
93,0
94,0
95,0
96,0
97,0
98,0
99,0
100,0
101,0
102,0
103,0
104,0.0358352
105,0.192914
106,0.360216
107,0.404484
108,0.600672
109,0.414027
110,0.262951
111,0.540595
112,0.658042
113,0
114,0
115,0
116,0
117,0
118,0
119,0
120,0
121,0
122,0
123,0
124,0
125,0
126,0
127,0
128,0.0345335
129,0.256156
130,0.554895
131,1.01675
132,2.38342
133,2.80358
134,2.71553
135,1.94949
136,1.45777
137,0
138,0
139,0
140,0
141,0
142,0
143,0
144,0
145,0
146,0
147,0
148,0
149,0
150,0
151,0
152,0
153,0.46759
154,0.38206
155,0.494126
156,1.27815
157,1.33286
158,2.10442
159,1.59949
160,0.70275
161,0
162,0
163,0
164,0
165,0
166,0
167,0
168,0
169,0
170,0
171,0
172,0
173,0
174,0
175,0
176,0.032829
177,0.351614
178,0.942232
179,0.757854
180,1.07938
181,2.65175
182,1.96285
183,0.596289
184,0.518967
185,0
186,0
187,0
188,0
189,0
190,0
191,0
192,0
193,0
194,0
195,0
196,0
197,0
198,0
199,0
200,0
201,0.100875
202,0.164819
203,0.703331
204,2.50558
205,2.77766
206,2.61623
207,2.08608
208,1.48343
209,0
210,0
211,0
212,0
213,0
214,0
215,0
216,0
217,0
218,0
219,0
220,0
221,0
222,0
223,0
224,0.0637195
225,0.968665
226,1.8357
227,2.44036
228,2.7376
229,2.79368
230,2.73132
231,2.27629
232,1.45943
233,0
234,0
235,0
236,0
237,0
238,0
239,0
240,0
241,0
242,0
243,0
244,0
245,0
246,0
247,0
248,0.0608117
249,0.96203
250,1.89858
251,2.48364
252,2.85888
253,2.93615
254,2.77368
255,2.3073
256,1.55673
257,0
258,0
259,0
260,0
261,0
262,0
263,0
264,0
265,0
266,0
267,0
268,0
269,0
270,0
271,0
272,0.0608304
273,0.994138
274,1.81743
275,2.42217
276,2.73499
277,2.86664
278,2.71691
279,2.25272
280,1.47853
281,0
282,0
283,0
284,0
285,0
286,0
287,0
288,0
289,0
290,0
291,0
292,0
293,0
294,0
295,0
296,0.0645202
297,1.01741
298,1.82783
299,2.49541
300,2.85045
301,2.96138
302,2.75313
303,2.17159
304,1.57746
305,0
306,0
307,0
308,0
309,0
310,0
311,0
312,0
313,0
314,0
315,0
316,0
317,0
318,0
319,0
320,0.0823231
321,1.01455
322,1.89353
323,2.43684
324,2.65787
325,2.93925
326,2.75661
327,2.30511
328,1.51165
329,0
330,0
331,0
332,0
333,0
334,0
335,0
336,0
337,0
338,0
339,0
340,0
341,0
342,0
343,0
344,0.0806093
345,0.999452
346,1.84636
347,2.4917
348,2.63642
349,2.85816
350,2.71089
351,2.29374
352,1.58654
353,0
354,0
355,0
356,0
357,0
358,0
359,0
360,0
361,0
362,0
363,0
364,0
365,0
366,0
367,0
368,0.0773175
369,0.997575
370,1.82911
371,2.47198
372,2.77828
373,2.88796
374,2.55308
375,2.13095
376,1.65953
377,0
378,0
379,0
380,0
381,0
382,0
383,0
384,0
385,0
386,0
387,0
388,0
389,0
390,0
391,0
392,0
393,0.467731
394,1.28314
395,2.28354
396,2.52705
397,2.68426
398,2.02035
399,1.32568
400,1.24813
401,0
402,0
403,0
404,0
405,0
406,0
407,0
408,0
409,0
410,0
411,0
412,0
413,0
414,0
415,0
416,0.06032
417,0.770234
418,1.83894
419,1.52889
420,2.67778
421,2.93388
422,2.75978
423,2.2723
424,1.70562
425,0
426,0
427,0
428,0
429,0
430,0
431,0
432,0
433,0
434,0
435,0
436,0
437,0
438,0
439,0
440,0
441,0.237904
442,0.990134
443,2.50281
444,2.88279
445,2.87463
446,2.80055
447,2.33133
448,1.63813
449,0
450,0
451,0
452,0
453,0
454,0
455,0
456,0
457,0
458,0
459,0
460,0
461,0
462,0
463,0
464,0.0957525
465,1.11206
466,1.95086
467,2.50307
468,2.85132
469,2.76689
470,2.80661
471,2.48783
472,1.78048
473,0
474,0
475,0
476,0
477,0
478,0
479,0
480,0
481,0
482,0
483,0
484,0
485,0
486,0
487,0
488,0.0838121
489,0.696677
490,1.81864
491,2.57897
492,2.91149
493,2.97306
494,2.89524
495,2.28747
496,1.68202
497,0.681136
498,0
499,0
500,0
501,0
502,0
503,0
504,0
505,0
506,0
507,0
508,0
509,0
510,0
511,0
512,0
513,0.168898
514,0.388414
515,0.427667
516,1.56556
517,2.86109
518,2.72154
519,2.15958
520,1.74951
521,0.601795
522,0
523,0
524,0
525,0
526,0
527,0
528,0
529,0
530,0
531,0
532,0
533,0
534,0
535,0
536,0
537,0.236944
538,0.38647
539,0.587064
540,2.31218
541,2.86716
542,2.64052
543,2.10829
544,1.67908
545,0.553547
546,0
547,0
548,0
549,0
550,0
551,0
552,0
553,0
554,0
555,0
556,0
557,0
558,0
559,0
560,0.122068
561,1.00805
562,1.65869
563,0.951372
564,2.49753
565,2.90385
566,2.81943
567,2.27841
568,0.950534
569,0.714836
570,0
571,0
572,0
573,0
574,0
575,0
576,0
577,0
578,0
579,0
580,0
581,0
582,0
583,0
584,0.0562603
585,0.181948
586,0.401487
587,1.53381
588,1.79256
589,0.962503
590,0.621616
591,0.313288
592,0.374441
593,0.16511
594,0
595,0
596,0
597,0
598,0
599,0
600,0
601,0
602,0
603,0
604,0
605,0
606,0
607,0
608,0
609,0.250121
610,0.554081
611,1.54534
612,2.05696
613,2.81894
614,1.38737
615,0.484091
616,1.64891
617,0.152935
618,0
619,0
620,0
621,0
622,0
623,0
624,0
625,0
626,0
627,0
628,0
629,0
630,0
631,0
632,0.00211181
633,0.317361
634,1.18571
635,0.55519
636,0.940762
637,2.5945
638,0.67798
639,0.276689
640,0.178506
641,0.0589808
642,0
643,0
644,0
645,0
646,0
647,0
648,0
649,0
650,0
651,0
652,0
653,0
654,0
655,0
656,0
657,0.134154
658,1.09868
659,0.946713
660,0.312758
661,0.354002
662,2.75653
663,2.15509
664,1.74889
665,0.673087
666,0
667,0
668,0
669,0
670,0
671,0
672,0
673,0
674,0
675,0
676,0
677,0
678,0
679,0
680,0.16142
681,1.04603
682,2.05573
683,2.65842
684,3.03208
685,3.15974
686,2.94555
687,2.57355
688,1.87745
689,0.628902
690,0
691,0
692,0
693,0
694,0
695,0
696,0
697,0
698,0
699,0
700,0
701,0
702,0
703,0
704,0.182341
705,1.15062
706,2.03766
707,2.51321
708,2.87451
709,3.03493
710,2.36143
711,2.49468
712,1.88755
713,0.884286
714,0
715,0
716,0
717,0
718,0
719,0
720,0
721,0
722,0
723,0
724,0
725,0
726,0
727,0
728,0.168097
729,0.9857
730,1.99476
731,2.61118
732,3.00023
733,3.22875
734,2.85249
735,2.50067
736,1.84139
737,0.964619
738,0.00866731
739,0
740,0
741,0
742,0
743,0
744,0
745,0
746,0
747,0
748,0
749,0
750,0
751,0
752,0.185474
753,0.666053
754,1.59354
755,2.65394
756,2.89427
757,1.93409
758,2.29295
759,1.87891
760,1.16465
761,0.274245
762,0
763,0
764,0
765,0
766,0
767,0
768,0
769,0
770,0
771,0
772,0
773,0
774,0
775,0
776,0.0666227
777,0.5187
778,0.987896
779,1.98101
780,1.30003
781,1.21953
782,0.711778
783,0.475869
784,0.645141
785,0.195991
786,0
787,0
788,0
789,0
790,0
791,0
792,0
793,0
794,0
795,0
796,0
797,0
798,0
799,0
800,0.0987119
801,0.726664
802,1.38183
803,2.62859
804,2.89459
805,2.53595
806,2.80852
807,2.34455
808,1.50218
809,0.472427
810,0.0227101
811,0
812,0
813,0
814,0
815,0
816,0
817,0
818,0
819,0
820,0
821,0
822,0
823,0
824,0.217858
825,0.853049
826,1.96434
827,2.68283
828,3.01052
829,3.25155
830,3.04698
831,2.27558
832,1.86796
833,0.919279
834,0.0821452
835,0
836,0
837,0
838,0
839,0
840,0
841,0
842,0
843,0
844,0
845,0
846,0
847,0
848,0.161799
849,0.289107
850,0.551285
851,0.746845
852,0.868787
853,0.899678
854,0.657756
855,0.542145
856,0.370283
857,0.15928
858,0
859,0
860,0
861,0
862,0
863,0
864,0
865,0
866,0
867,0
868,0
869,0
870,0
871,0
872,0.0210994
873,0.216369
874,0.422882
875,0.581103
876,0.679029
877,0.70629
878,0.660247
879,0.545296
880,0.371646
881,0.159027
882,0
883,0
884,0
885,0
886,0
887,0
888,0
889,0
890,0
891,0
892,0
893,0
894,0
895,0
896,0.140499
897,0.845318
898,0.978517
899,2.34558
900,0.669518
901,0.705415
902,0.657719
903,0.538539
904,0.363484
905,0.157056
906,0
907,0
908,0
909,0
910,0
911,0
912,0
913,0
914,0
915,0
916,0
917,0
918,0
919,0
920,0.149887
921,0.545999
922,1.75408
923,2.35327
924,2.21836
925,2.99972
926,2.84557
927,2.24379
928,1.62409
929,0.896625
930,0.0962957
931,0
932,0
933,0
934,0
935,0
936,0
937,0
938,0
939,0
940,0
941,0
942,0
943,0
944,0.224535
945,1.13333
946,1.97396
947,2.78432
948,3.1002
949,3.18833
950,3.02458
951,2.53371
952,1.78129
953,0.864367
954,0.0668474
955,0
956,0
957,0
958,0
959,0
960,0
961,0
962,0
963,0
964,0
965,0
966,0
967,0
968,0.0342947
969,0.237895
970,0.431521
971,1.16544
972,2.41529
973,1.42624
974,1.17532
975,1.18673
976,0.482438
977,0.356207
978,0.105057
979,0
980,0
981,0
982,0
983,0
984,0
985,0
986,0
987,0
988,0
989,0
990,0
991,0
992,0.356615
993,1.3852
994,2.1127
995,2.74248
996,3.07431
997,2.73917
998,2.60445
999,1.97614
1000,0.996053
1001,0.809263
1002,0.0802722
1003,0
1004,0
1005,0
1006,0
1007,0
1008,0
1009,0
1010,0
1011,0
1012,0
1013,0
1014,0
1015,0
1016,0.208577
1017,1.2299
1018,1.80421
1019,2.54002
1020,1.71565
1021,0.720483
1022,2.41799
1023,0.433061
1024,1.18607
1025,0.449965
1026,0.0477007
1027,0
1028,0
1029,0
1030,0
1031,0
1032,0
1033,0
1034,0
1035,0
1036,0
1037,0
1038,0
1039,0
1040,0.0907235
1041,0.129607
1042,0.257215
1043,0.368995
1044,0.437561
1045,0.45151
1046,0.797533
1047,0.642116
1048,0.365802
1049,0.215728
1050,0.00575011
1051,0
1052,0
1053,0
1054,0
1055,0
1056,0
1057,0
1058,0
1059,0
1060,0
1061,0
1062,0
1063,0
1064,0.385693
1065,1.41526
1066,2.34025
1067,3.01299
1068,3.40287
1069,3.53484
1070,3.28783
1071,2.88659
1072,2.12816
1073,1.15071
1074,0.19232
1075,0
1076,0
1077,0
1078,0
1079,0
1080,0
1081,0
1082,0
1083,0
1084,0
1085,0
1086,0
1087,0
1088,0.363905
1089,1.36787
1090,2.30284
1091,2.97095
1092,3.28468
1093,3.38241
1094,3.19547
1095,2.79596
1096,2.10884
1097,1.09276
1098,0.179256
1099,0
1100,0
1101,0
1102,0
1103,0
1104,0
1105,0
1106,0
1107,0
1108,0
1109,0
1110,0
1111,0
1112,0.0790828
1113,0.314678
1114,1.26966
1115,1.30096
1116,1.34382
1117,1.22777
1118,0.877768
1119,0.730391
1120,0.505907
1121,0.235928
1122,0.0345054
1123,0
1124,0
1125,0
1126,0
1127,0
1128,0
1129,0
1130,0
1131,0
1132,0
1133,0
1134,0
1135,0
1136,0.25293
1137,1.3315
1138,1.97991
1139,2.54493
1140,2.93282
1141,3.30475
1142,2.93004
1143,2.3574
1144,1.41265
1145,0.288541
1146,0.156377
1147,0
1148,0
1149,0
1150,0
1151,0
1152,0
1153,0
1154,0
1155,0
1156,0
1157,0
1158,0
1159,0
1160,0.225168
1161,0.220508
1162,2.20915
1163,2.77303
1164,3.2013
1165,3.37932
1166,3.23207
1167,2.81285
1168,2.0566
1169,1.12208
1170,0.176928
1171,0
1172,0
1173,0
1174,0
1175,0
1176,0
1177,0
1178,0
1179,0
1180,0
1181,0
1182,0
1183,0
1184,0.0412201
1185,0.158999
1186,0.299189
1187,0.413278
1188,0.897074
1189,3.17493
1190,3.15794
1191,2.66679
1192,1.93298
1193,1.01967
1194,0.161813
1195,0
1196,0
1197,0
1198,0
1199,0
1200,0
1201,0
1202,0
1203,0
1204,0
1205,0
1206,0
1207,0
1208,0.396491
1209,1.38989
1210,2.33643
1211,2.97461
1212,3.34319
1213,3.47646
1214,3.24409
1215,2.35687
1216,1.98093
1217,0.995617
1218,0.171192
1219,0
1220,0
1221,0
1222,0
1223,0
1224,0
1225,0
1226,0
1227,0
1228,0
1229,0
1230,0
1231,0
1232,0.240208
1233,1.06519
1234,1.97237
1235,2.58857
1236,2.96196
1237,3.26231
1238,2.90383
1239,2.5143
1240,1.78933
1241,0.884305
1242,0.10715
1243,0
1244,0
1245,0
1246,0
1247,0
1248,0
1249,0
1250,0
1251,0
1252,0
1253,0
1254,0
1255,0
1256,0.0617435
1257,0.155389
1258,0.355023
1259,0.4864
1260,0.566695
1261,2.2198
1262,2.62549
1263,2.61601
1264,1.90597
1265,0.949008
1266,0.137427
1267,0
1268,0
1269,0
1270,0
1271,0
1272,0
1273,0
1274,0
1275,0
1276,0
1277,0
1278,0
1279,0
1280,0.076573
1281,0.192381
1282,0.360567
1283,0.493002
1284,0.576678
1285,0.725591
1286,0.675484
1287,0.55667
1288,0.92663
1289,0.719837
1290,0.10663
1291,0
1292,0
1293,0
1294,0
1295,0
1296,0
1297,0
1298,0
1299,0
1300,0
1301,0
1302,0
1303,0
1304,0.238981
1305,0.658805
1306,1.60923
1307,2.69178
1308,2.15995
1309,2.65406
1310,1.93601
1311,2.23301
1312,1.48028
1313,0.545882
1314,0.155422
1315,0
1316,0
1317,0
1318,0
1319,0
1320,0
1321,0
1322,0
1323,0
1324,0
1325,0
1326,0
1327,0
1328,0.0773596
1329,0.232449
1330,0.497207
1331,2.05132
1332,3.09331
1333,3.09308
1334,3.09272
1335,2.80014
1336,2.0874
1337,1.09359
1338,0.198468
1339,0
1340,0
1341,0
1342,0
1343,0
1344,0
1345,0
1346,0
1347,0
1348,0
1349,0
1350,0
1351,0
1352,0.175683
1353,0.6038
1354,0.700887
1355,0.839601
1356,0.743521
1357,1.01583
1358,2.40908
1359,2.58263
1360,1.0264
1361,0.412407
1362,0.0473963
1363,0
1364,0
1365,0
1366,0
1367,0
1368,0
1369,0
1370,0
1371,0
1372,0
1373,0
1374,0
1375,0
1376,0.0880592
1377,0.305379
1378,0.514926
1379,0.673972
1380,0.763145
1381,0.788763
1382,0.74538
1383,0.629066
1384,0.453383
1385,0.234799
1386,0.0438844
1387,0
1388,0
1389,0
1390,0
1391,0
1392,0
1393,0
1394,0
1395,0
1396,0
1397,0
1398,0
1399,0
1400,0.0924186
1401,0.292586
1402,1.33053
1403,2.2869
1404,1.55409
1405,0.623438
1406,0.586886
1407,0.586338
1408,0.421917
1409,0.213653
1410,0.0539144
1411,0
1412,0
1413,0
1414,0
1415,0
1416,0
1417,0
1418,0
1419,0
1420,0
1421,0
1422,0
1423,0
1424,0.524679
1425,1.50787
1426,1.80039
1427,2.78295
1428,3.33866
1429,3.39947
1430,3.17755
1431,2.35146
1432,1.84876
1433,1.24738
1434,0
1435,0
1436,0
1437,0
1438,0
1439,0
1440,0
1441,0
1442,0
1443,0
1444,0
1445,0
1446,0
1447,0
1448,0.0445353
1449,0.163644
1450,0.628041
1451,1.0515
1452,0.479015
1453,0.48662
1454,0.916403
1455,2.37692
1456,2.08193
1457,1.26759
1458,0
1459,0
1460,0
1461,0
1462,0
1463,0
1464,0
1465,0
1466,0
1467,0
1468,0
1469,0
1470,0
1471,0
1472,0.556717
1473,1.52851
1474,2.2998
1475,2.94767
1476,3.37537
1477,3.42636
1478,3.0861
1479,2.94446
1480,2.15989
1481,1.34199
1482,0
1483,0
1484,0
1485,0
1486,0
1487,0
1488,0
1489,0
1490,0
1491,0
1492,0
1493,0
1494,0
1495,0
1496,0.342492
1497,0.668891
1498,1.90475
1499,2.71164
1500,3.21937
1501,2.91151
1502,1.09669
1503,0.61235
1504,0.619285
1505,0.939385
1506,0
1507,0
1508,0
1509,0
1510,0
1511,0
1512,0
1513,0
1514,0
1515,0
1516,0
1517,0
1518,0
1519,0
1520,0.0588731
1521,0.199297
1522,0.726275
1523,1.25289
1524,1.0922
1525,0.49547
1526,0.423827
1527,0.43278
1528,0.257009
1529,0.285619
1530,0
1531,0
1532,0
1533,0
1534,0
1535,0
1536,0
1537,0
1538,0
1539,0
1540,0
1541,0
1542,0
1543,0
1544,0.355543
1545,0.930334
1546,2.24634
1547,1.87165
1548,1.29325
1549,2.86059
1550,1.0367
1551,2.38522
1552,0.443592
1553,1.19505
1554,0
1555,0
1556,0
1557,0
1558,0
1559,0
1560,0
1561,0
1562,0
1563,0
1564,0
1565,0
1566,0
1567,0
1568,0.259856
1569,0.398809
1570,0.543077
1571,0.772697
1572,0.570619
1573,0.482251
1574,0.452391
1575,0.331362
1576,0.321014
1577,0.496364
1578,0
1579,0
1580,0
1581,0
1582,0
1583,0
1584,0
1585,0
1586,0
1587,0
1588,0
1589,0
1590,0
1591,0
1592,0.607695
1593,0.96373
1594,0.429166
1595,0.745965
1596,0.41679
1597,0.434747
1598,0.413203
1599,1.46737
1600,1.63996
1601,0.403168
1602,0
1603,0
1604,0
1605,0
1606,0
1607,0
1608,0
1609,0
1610,0
1611,0
1612,0
1613,0
1614,0
1615,0
1616,0.374418
1617,0.822828
1618,1.02672
1619,0.74442
1620,1.45982
1621,0.578669
1622,2.62981
1623,1.60038
1624,2.0367
1625,1.39859
1626,0
1627,0
1628,0
1629,0
1630,0
1631,0
1632,0
1633,0
1634,0
1635,0
1636,0
1637,0
1638,0
1639,0
1640,0.654211
1641,1.59983
1642,2.32794
1643,2.88543
1644,2.89076
1645,1.84855
1646,3.03735
1647,2.69682
1648,1.1602
1649,1.25819
1650,0
1651,0
1652,0
1653,0
1654,0
1655,0
1656,0
1657,0
1658,0
1659,0
1660,0
1661,0
1662,0
1663,0
1664,0.261729
1665,0.580958
1666,0.449431
1667,0.508178
1668,2.85882
1669,1.68115
1670,3.31813
1671,2.31049
1672,2.19958
1673,1.08244
1674,0
1675,0
1676,0
1677,0
1678,0
1679,0
1680,0
1681,0
1682,0
1683,0
1684,0
1685,0
1686,0
1687,0
1688,0.68306
1689,1.56376
1690,2.52088
1691,2.92112
1692,3.39038
1693,3.43036
1694,3.26401
1695,2.95492
1696,2.30249
1697,1.38155
1698,0
1699,0
1700,0
1701,0
1702,0
1703,0
1704,0
1705,0
1706,0
1707,0
1708,0
1709,0
1710,0
1711,0.00695352
1712,0.718816
1713,1.69737
1714,2.52202
1715,3.14873
1716,3.4176
1717,3.535
1718,3.33985
1719,2.90658
1720,2.28324
1721,1.36483
1722,0
1723,0
1724,0
1725,0
1726,0
1727,0
1728,0
1729,0
1730,0
1731,0
1732,0
1733,0
1734,0
1735,0.0144174
1736,0.723971
1737,1.63408
1738,1.85317
1739,3.1345
1740,3.41639
1741,3.38801
1742,3.27649
1743,2.45728
1744,1.29253
1745,1.36154
1746,0
1747,0
1748,0
1749,0
1750,0
1751,0
1752,0
1753,0
1754,0
1755,0
1756,0
1757,0
1758,0
1759,0.0185099
1760,0.742753
1761,1.75643
1762,2.60396
1763,3.18232
1764,3.57121
1765,3.45643
1766,3.3404
1767,2.89916
1768,2.22856
1769,1.39628
1770,0
1771,0
1772,0
1773,0
1774,0
1775,0
1776,0
1777,0
1778,0
1779,0
1780,0
1781,0
1782,0
1783,0
1784,0.478407
1785,1.66347
1786,2.63848
1787,2.96506
1788,3.5155
1789,3.50984
1790,3.35534
1791,2.97959
1792,2.40594
1793,1.45377
1794,0
1795,0
1796,0
1797,0
1798,0
1799,0
1800,0
1801,0
1802,0
1803,0
1804,0
1805,0
1806,0
1807,0.0348987
1808,0.776326
1809,1.72513
1810,2.59638
1811,3.09887
1812,3.42003
1813,3.41127
1814,3.22867
1815,2.82998
1816,2.21813
1817,1.37327
1818,0
1819,0
1820,0
1821,0
1822,0
1823,0
1824,0
1825,0
1826,0
1827,0
1828,0
1829,0
1830,0
1831,0.0378815
1832,0.796349
1833,1.7213
1834,2.4094
1835,2.99814
1836,3.21149
1837,3.44181
1838,3.20043
1839,2.90295
1840,2.19502
1841,1.20219
1842,0.517684
1843,0
1844,0
1845,0
1846,0
1847,0
1848,0
1849,0
1850,0
1851,0
1852,0
1853,0
1854,0
1855,0.00717828
1856,0.546776
1857,1.6441
1858,2.47364
1859,2.85594
1860,2.22321
1861,3.51816
1862,3.29148
1863,2.71178
1864,2.26724
1865,1.42575
1866,0.506399
1867,0
1868,0
1869,0
1870,0
1871,0
1872,0
1873,0
1874,0
1875,0
1876,0
1877,0
1878,0
1879,0.0514701
1880,0.814194
1881,1.73482
1882,2.50567
1883,3.03596
1884,3.33242
1885,3.49145
1886,3.15723
1887,2.74009
1888,1.53717
1889,1.34427
1890,0.55004
1891,0
1892,0
1893,0
1894,0
1895,0
1896,0
1897,0
1898,0
1899,0
1900,0
1901,0
1902,0
1903,0.0637289
1904,0.836726
1905,1.8478
1906,2.52561
1907,3.06051
1908,3.35499
1909,3.05857
1910,3.3013
1911,2.99649
1912,2.26155
1913,1.40817
1914,0.536334
1915,0
1916,0
1917,0
1918,0
1919,0
1920,0
1921,0
1922,0
1923,0
1924,0
1925,0
1926,0
1927,0.0667257
1928,0.869813
1929,1.90416
1930,2.65655
1931,3.32687
1932,3.66283
1933,3.60905
1934,3.2911
1935,2.72272
1936,2.36281
1937,1.47104
1938,0.525424
1939,0
1940,0
1941,0
1942,0
1943,0
1944,0
1945,0
1946,0
1947,0
1948,0
1949,0
1950,0
1951,0.0801972
1952,0.87221
1953,1.87245
1954,2.45183
1955,3.18157
1956,2.85487
1957,3.38284
1958,1.51523
1959,1.16336
1960,2.14196
1961,1.22696
1962,0.389322
1963,0
1964,0
1965,0
1966,0
1967,0
1968,0
1969,0
1970,0
1971,0
1972,0
1973,0
1974,0
1975,0.0695118
1976,0.679104
1977,1.80065
1978,2.65373
1979,3.2082
1980,3.47701
1981,3.40906
1982,3.03041
1983,2.82655
1984,2.24437
1985,1.46488
1986,0.466064
1987,0
1988,0
1989,0
1990,0
1991,0
1992,0
1993,0
1994,0
1995,0
1996,0
1997,0
1998,0
1999,0.0590651
2000,0.859633
2001,1.77429
2002,2.58065
2003,2.98585
2004,3.49112
2005,3.4994
2006,3.41112
2007,2.97802
2008,2.17858
2009,1.20817
2010,0.620694
2011,0
2012,0
2013,0
2014,0
2015,0
2016,0
2017,0
2018,0
2019,0
2020,0
2021,0
2022,0
2023,0.0998076
2024,0.910073
2025,1.83958
2026,2.46768
2027,3.15279
2028,3.38496
2029,3.52072
2030,3.02507
2031,2.27924
2032,0.634723
2033,1.39108
2034,0.515455
2035,0
2036,0
2037,0
2038,0
2039,0
2040,0
2041,0
2042,0
2043,0
2044,0
2045,0
2046,0
2047,0.0214552
2048,0.212277
2049,0.31451
2050,0.405238
2051,1.44091
2052,2.57488
2053,0.930165
2054,0.835583
2055,0.909398
2056,0.917546
2057,0.905006
2058,0.419726
2059,0
2060,0
2061,0
2062,0
2063,0
2064,0
2065,0
2066,0
2067,0
2068,0
2069,0
2070,0
2071,0.122162
2072,0.758383
2073,1.54975
2074,2.58697
2075,2.9744
2076,3.10841
2077,3.39553
2078,3.23081
2079,2.91085
2080,2.21503
2081,1.16794
2082,0.394585
2083,0
2084,0
2085,0
2086,0
2087,0
2088,0
2089,0
2090,0
2091,0
2092,0
2093,0
2094,0
2095,0.11733
2096,0.94699
2097,1.80365
2098,2.43299
2099,3.12057
2100,3.44844
2101,3.47896
2102,3.27654
2103,2.89586
2104,2.22217
2105,1.44946
2106,0.57887
2107,0
2108,0
2109,0
2110,0
2111,0
2112,0
2113,0
2114,0
2115,0
2116,0
2117,0
2118,0
2119,0.124929
2120,0.993454
2121,1.92719
2122,2.69631
2123,3.14276
2124,3.40832
2125,3.45433
2126,3.36732
2127,2.93227
2128,2.35325
2129,1.42143
2130,0.503828
2131,0
2132,0
2133,0
2134,0
2135,0
2136,0
2137,0
2138,0
2139,0
2140,0
2141,0
2142,0
2143,0.130759
2144,0.964526
2145,1.90966
2146,2.47738
2147,3.18926
2148,3.43557
2149,3.47709
2150,3.36214
2151,2.9102
2152,2.28723
2153,1.43423
2154,0.605968
2155,0
2156,0
2157,0
2158,0
2159,0
2160,0
2161,0
2162,0
2163,0
2164,0
2165,0
2166,0
2167,0.137118
2168,0.99979
2169,1.48887
2170,2.52168
2171,3.32248
2172,3.61628
2173,3.72555
2174,3.49939
2175,3.00421
2176,2.38089
2177,1.49605
2178,0.613104
2179,0
2180,0
2181,0
2182,0
2183,0
2184,0
2185,0
2186,0
2187,0
2188,0
2189,0
2190,0
2191,0.146202
2192,1.01668
2193,1.96114
2194,2.83134
2195,3.20771
2196,3.53335
2197,3.61013
2198,3.51121
2199,3.06594
2200,2.33765
2201,1.47196
2202,0.582976
2203,0
2204,0
2205,0
2206,0
2207,0
2208,0
2209,0
2210,0
2211,0
2212,0
2213,0
2214,0
2215,0.0645764
2216,0.549941
2217,1.00127
2218,2.74555
2219,2.67075
2220,3.4626
2221,3.519
2222,3.31224
2223,2.92368
2224,2.02204
2225,0.28317
2226,0.671326
2227,0
2228,0
2229,0
2230,0
2231,0
2232,0
2233,0
2234,0
2235,0
2236,0
2237,0
2238,0
2239,0.16717
2240,1.06738
2241,2.01494
2242,2.81281
2243,3.44104
2244,3.79244
2245,3.69232
2246,3.46172
2247,2.95771
2248,2.36115
2249,1.49107
2250,0.613769
2251,0
2252,0
2253,0
2254,0
2255,0
2256,0
2257,0
2258,0
2259,0
2260,0
2261,0
2262,0
2263,0.130487
2264,0.361499
2265,0.586109
2266,0.398818
2267,0.847088
2268,0.644903
2269,0.528392
2270,2.27033
2271,2.53821
2272,1.36748
2273,0.921934
2274,0.602488
2275,0
2276,0
2277,0
2278,0
2279,0
2280,0
2281,0
2282,0
2283,0
2284,0
2285,0
2286,0
2287,0.191706
2288,0.471308
2289,1.78499
2290,1.69961
2291,2.17469
2292,3.38286
2293,1.17667
2294,3.24752
2295,0.574754
2296,0.315292
2297,1.46391
2298,0.629413
2299,0
2300,0
2301,0
2302,0
2303,0
2304,0
2305,0
2306,0
2307,0
2308,0
2309,0
2310,0
2311,0.109009
2312,0.430687
2313,0.345555
2314,0.973137
2315,0.5695
2316,0.527414
2317,0.7147
2318,0.748442
2319,0.420461
2320,0.715435
2321,0.480088
2322,0.474768
2323,0
2324,0
2325,0
2326,0
2327,0
2328,0
2329,0
2330,0
2331,0
2332,0
2333,0
2334,0
2335,0.199657
2336,0.877436
2337,1.48328
2338,2.64058
2339,2.66707
2340,3.0635
2341,1.97484
2342,1.25142
2343,2.51604
2344,0.611994
2345,1.43004
2346,0.659315
2347,0
2348,0
2349,0
2350,0
2351,0
2352,0
2353,0
2354,0
2355,0
2356,0
2357,0
2358,0
2359,0.215245
2360,1.12842
2361,2.1161
2362,2.93067
2363,3.511
2364,3.40111
2365,3.71378
2366,3.26135
2367,1.00967
2368,2.03301
2369,1.54089
2370,0.63182
2371,0
2372,0
2373,0
2374,0
2375,0
2376,0
2377,0
2378,0
2379,0
2380,0
2381,0
2382,0
2383,0.141257
2384,0.586474
2385,1.87439
2386,2.70384
2387,2.49772
2388,2.52915
2389,0.841282
2390,0.596092
2391,0.519772
2392,0.709591
2393,0.411559
2394,0.342928
2395,0
2396,0
2397,0
2398,0
2399,0
2400,0
2401,0
2402,0
2403,0
2404,0
2405,0
2406,0
2407,0.167254
2408,0.269492
2409,0.386232
2410,0.438624
2411,1.36702
2412,0.923371
2413,0.985208
2414,0.845894
2415,1.01779
2416,0.591091
2417,0.572998
2418,0.0945491
2419,0
2420,0
2421,0
2422,0
2423,0
2424,0
2425,0
2426,0
2427,0
2428,0
2429,0
2430,0
2431,0.239168
2432,1.12284
2433,2.07343
2434,2.87331
2435,3.39594
2436,3.5853
2437,3.57191
2438,3.40962
2439,3.09983
2440,2.36856
2441,1.52074
2442,0.624496
2443,0
2444,0
2445,0
2446,0
2447,0
2448,0
2449,0
2450,0
2451,0
2452,0
2453,0
2454,0
2455,0.260862
2456,0.615033
2457,1.86309
2458,2.76496
2459,3.01144
2460,3.60447
2461,3.69898
2462,3.48385
2463,2.9726
2464,2.30535
2465,1.52258
2466,0.644317
2467,0
2468,0
2469,0
2470,0
2471,0
2472,0
2473,0
2474,0
2475,0
2476,0
2477,0
2478,0
2479,0.250032
2480,1.11546
2481,1.99749
2482,2.66643
2483,3.2232
2484,3.4324
2485,3.53299
2486,3.26696
2487,2.67976
2488,2.22351
2489,1.44826
2490,0.579165
2491,0
2492,0
2493,0
2494,0
2495,0
2496,0
2497,0
2498,0
2499,0
2500,0
2501,0
2502,0
2503,0.262937
2504,1.01298
2505,1.49839
2506,2.73237
2507,3.28645
2508,3.53417
2509,3.45085
2510,3.01296
2511,2.58007
2512,1.52545
2513,1.07864
2514,0.633608
2515,0
2516,0
2517,0
2518,0
2519,0
2520,0
2521,0
2522,0
2523,0
2524,0
2525,0
2526,0
2527,0.260914
2528,1.10146
2529,2.00829
2530,2.74361
2531,3.10416
2532,3.39412
2533,3.40238
2534,3.38565
2535,3.02103
2536,2.36673
2537,1.51523
2538,0.591522
2539,0
2540,0
2541,0
2542,0
2543,0
2544,0
2545,0
2546,0
2547,0
2548,0
2549,0
2550,0
2551,0.267914
2552,1.06055
2553,2.01952
2554,2.68031
2555,3.18003
2556,3.51621
2557,3.56362
2558,3.42122
2559,3.02614
2560,2.35547
2561,1.48389
2562,0.619018
2563,0
2564,0
2565,0
2566,0
2567,0
2568,0
2569,0
2570,0
2571,0
2572,0
2573,0
2574,0
2575,0.285708
2576,1.17623
2577,2.0799
2578,2.82396
2579,3.30556
2580,3.59897
2581,3.72553
2582,3.54837
2583,3.01715
2584,2.35853
2585,1.40394
2586,0.681951
2587,0.00453266
2588,0
2589,0
2590,0
2591,0
2592,0
2593,0
2594,0
2595,0
2596,0
2597,0
2598,0
2599,0.286115
2600,0.921297
2601,2.11174
2602,2.85141
2603,3.41815
2604,3.72942
2605,3.717
2606,3.47463
2607,3.02942
2608,2.36831
2609,1.53781
2610,0.584213
2611,0.00121277
2612,0
2613,0
2614,0
2615,0
2616,0
2617,0
2618,0
2619,0
2620,0
2621,0
2622,0
2623,0.294066
2624,1.04125
2625,1.8966
2626,2.80856
2627,3.29251
2628,3.50346
2629,3.62524
2630,3.49017
2631,2.34588
2632,2.24553
2633,1.3006
2634,0.668928
2635,0.00883589
2636,0
2637,0
2638,0
2639,0
2640,0
2641,0
2642,0
2643,0
2644,0
2645,0
2646,0
2647,0.309916
2648,1.22869
2649,2.20114
2650,2.86818
2651,3.47471
2652,3.78423
2653,3.88014
2654,3.58777
2655,3.07907
2656,2.43398
2657,1.54207
2658,0.648836
2659,0.0117671
2660,0
2661,0
2662,0
2663,0
2664,0
2665,0
2666,0
2667,0
2668,0
2669,0
2670,0
2671,0.314505
2672,1.26522
2673,2.27049
2674,2.91487
2675,3.52345
2676,3.79843
2677,3.84292
2678,3.62883
2679,3.05294
2680,2.39098
2681,1.50093
2682,0.631501
2683,0.0115939
2684,0
2685,0
2686,0
2687,0
2688,0
2689,0
2690,0
2691,0
2692,0
2693,0
2694,0
2695,0.320442
2696,1.23203
2697,2.18307
2698,2.88391
2699,3.40217
2700,3.68193
2701,3.64435
2702,3.44411
2703,2.9324
2704,2.2932
2705,1.46308
2706,0.63388
2707,0.0162483
2708,0
2709,0
2710,0
2711,0
2712,0
2713,0
2714,0
2715,0
2716,0
2717,0
2718,0
2719,0.345232
2720,1.24221
2721,2.09469
2722,2.76352
2723,3.2209
2724,3.49231
2725,3.6261
2726,3.53223
2727,2.96486
2728,2.28762
2729,1.50384
2730,0.642173
2731,0.0220171
2732,0
2733,0
2734,0
2735,0
2736,0
2737,0
2738,0
2739,0
2740,0
2741,0
2742,0
2743,0.354494
2744,0.968567
2745,0.975417
2746,1.50284
2747,1.77206
2748,3.16681
2749,3.6282
2750,3.54861
2751,3.00337
2752,2.40126
2753,1.47566
2754,0.646293
2755,0.0237122
2756,0
2757,0
2758,0
2759,0
2760,0
2761,0
2762,0
2763,0
2764,0
2765,0
2766,0
2767,0.289037
2768,0.97958
2769,2.06458
2770,2.90102
2771,3.37894
2772,3.32145
2773,3.40706
2774,3.39625
2775,2.77805
2776,2.29879
2777,1.44792
2778,0.642599
2779,0.02699
2780,0
2781,0
2782,0
2783,0
2784,0
2785,0
2786,0
2787,0
2788,0
2789,0
2790,0.010545
2791,0.37136
2792,1.33361
2793,2.21209
2794,2.95555
2795,3.51981
2796,3.83778
2797,3.84356
2798,3.61383
2799,3.12446
2800,2.41215
2801,1.55974
2802,0.665744
2803,0.0308952
2804,0
2805,0
2806,0
2807,0
2808,0
2809,0
2810,0
2811,0
2812,0
2813,0
2814,0.0175313
2815,0.384143
2816,1.33992
2817,2.25189
2818,2.98396
2819,3.58238
2820,3.84832
2821,3.86077
2822,3.57257
2823,3.09588
2824,2.42362
2825,1.53084
2826,0.67974
2827,0.0357931
2828,0
2829,0
2830,0
2831,0
2832,0
2833,0
2834,0
2835,0
2836,0
2837,0
2838,0.0176015
2839,0.38058
2840,1.31876
2841,2.20179
2842,2.97712
2843,3.42966
2844,3.73702
2845,3.63603
2846,3.56908
2847,2.92599
2848,2.35866
2849,1.52327
2850,0.654591
2851,0.0390755
2852,0
2853,0
2854,0
2855,0
2856,0
2857,0
2858,0
2859,0
2860,0
2861,0
2862,0.0158877
2863,0.390783
2864,1.29235
2865,2.04988
2866,2.88863
2867,3.40848
2868,3.60708
2869,3.67585
2870,3.41119
2871,3.01787
2872,2.33899
2873,1.00683
2874,0.582349
2875,0.0398903
2876,0
2877,0
2878,0
2879,0
2880,0
2881,0
2882,0
2883,0
2884,0
2885,0
2886,0.0140381
2887,0.392609
2888,1.25553
2889,1.51713
2890,1.83394
2891,2.28101
2892,2.48459
2893,2.497
2894,2.34755
2895,2.07471
2896,1.65126
2897,1.13531
2898,0.548218
2899,0.0504072
2900,0
2901,0
2902,0
2903,0
2904,0
2905,0
2906,0
2907,0
2908,0
2909,0
2910,0.00795557
2911,0.146071
2912,0.21237
2913,0.338278
2914,1.98508
2915,3.0079
2916,3.30051
2917,2.20503
2918,1.4381
2919,1.26421
2920,1.49819
2921,1.01008
2922,0.517267
2923,0.0546401
2924,0
2925,0
2926,0
2927,0
2928,0
2929,0
2930,0
2931,0
2932,0
2933,0
2934,0.012919
2935,0.133868
2936,0.658594
2937,0.513165
2938,1.93493
2939,1.64523
2940,3.28473
2941,0.927403
2942,3.18428
2943,1.78302
2944,1.83773
2945,1.32312
2946,0.532644
2947,0.0575011
2948,0
2949,0
2950,0
2951,0
2952,0
2953,0
2954,0
2955,0
2956,0
2957,0
2958,0.0304082
2959,0.422577
2960,1.31937
2961,1.92935
2962,2.76411
2963,3.47321
2964,3.73514
2965,3.6389
2966,3.59068
2967,3.11895
2968,2.35794
2969,1.49493
2970,0.708247
2971,0.0644734
2972,0
2973,0
2974,0
2975,0
2976,0
2977,0
2978,0
2979,0
2980,0
2981,0
2982,0.0339294
2983,0.427199
2984,1.28949
2985,2.18419
2986,2.84428
2987,3.25932
2988,3.48365
2989,3.48283
2990,3.29604
2991,2.90587
2992,2.30243
2993,1.49982
2994,0.709825
2995,0.0680555
2996,0
2997,0
2998,0
2999,0
3000,0
3001,0
3002,0
3003,0
3004,0
3005,0
3006,0.0408876
3007,0.429343
3008,1.30604
3009,2.20904
3010,2.94535
3011,3.41379
3012,3.72444
3013,3.67879
3014,3.53495
3015,2.72838
3016,2.40401
3017,1.52721
3018,0.710828
3019,0
3020,0
3021,0
3022,0
3023,0
3024,0
3025,0
3026,0
3027,0
3028,0
3029,0
3030,0.0437018
3031,0.437116
3032,1.31658
3033,2.19737
3034,2.94397
3035,3.44003
3036,3.6993
3037,3.7134
3038,3.51535
3039,3.01486
3040,2.3611
3041,1.46837
3042,0.711535
3043,0
3044,0
3045,0
3046,0
3047,0
3048,0
3049,0
3050,0
3051,0
3052,0
3053,0
3054,0.0507677
3055,0.448162
3056,1.33756
3057,2.24624
3058,2.92378
3059,3.50957
3060,3.78042
3061,3.767
3062,3.50446
3063,2.95898
3064,2.37756
3065,1.48255
3066,0.659685
3067,0
3068,0
3069,0
3070,0
3071,0
3072,0
3073,0
3074,0
3075,0
3076,0
3077,0
3078,0.054982
3079,0.448139
3080,1.339
3081,2.26949
3082,2.91203
3083,3.46174
3084,3.68486
3085,3.58956
3086,3.39344
3087,2.96829
3088,2.25453
3089,1.48204
3090,0.708777
3091,0
3092,0
3093,0
3094,0
3095,0
3096,0
3097,0
3098,0
3099,0
3100,0
3101,0
3102,0.0617529
3103,0.447413
3104,1.26328
3105,2.19671
3106,2.82663
3107,3.40068
3108,3.57802
3109,3.58068
3110,3.51278
3111,2.90309
3112,2.27409
3113,1.43582
3114,0.661076
3115,0
3116,0
3117,0
3118,0
3119,0
3120,0
3121,0
3122,0
3123,0
3124,0
3125,0
3126,0.0454905
3127,0.476449
3128,1.32045
3129,2.19123
3130,2.87768
3131,3.34061
3132,3.52227
3133,3.66733
3134,3.48173
3135,2.97605
3136,2.32948
3137,1.46206
3138,0.719373
3139,0
3140,0
3141,0
3142,0
3143,0
3144,0
3145,0
3146,0
3147,0
3148,0
3149,0
3150,0.0489696
3151,0.410197
3152,1.29044
3153,2.09986
3154,2.84906
3155,3.44911
3156,3.68247
3157,3.79377
3158,3.48842
3159,2.95438
3160,2.31599
3161,1.42833
3162,0.730433
3163,0
3164,0
3165,0
3166,0
3167,0
3168,0
3169,0
3170,0
3171,0
3172,0
3173,0
3174,0.0728738
3175,0.469
3176,1.33868
3177,2.26393
3178,2.92976
3179,3.4659
3180,3.78694
3181,3.7465
3182,3.494
3183,2.93297
3184,2.36083
3185,1.48283
3186,0.72385
3187,0
3188,0
3189,0
3190,0
3191,0
3192,0
3193,0
3194,0
3195,0
3196,0
3197,0
3198,0.0748873
3199,0.467342
3200,1.3782
3201,2.3163
3202,2.97084
3203,3.45814
3204,3.64882
3205,3.74375
3206,3.55161
3207,3.08382
3208,2.454
3209,1.57113
3210,0.736188
3211,0
3212,0
3213,0
3214,0
3215,0
3216,0
3217,0
3218,0
3219,0
3220,0
3221,0
3222,0.0790173
3223,0.473537
3224,1.31952
3225,2.23943
3226,2.87621
3227,3.40321
3228,3.708
3229,3.86305
3230,3.55176
3231,2.91469
3232,2.34083
3233,1.51786
3234,0.733449
3235,0
3236,0
3237,0
3238,0
3239,0
3240,0
3241,0
3242,0
3243,0
3244,0
3245,0
3246,0.0810729
3247,0.488615
3248,1.33182
3249,2.1598
3250,2.81522
3251,3.32013
3252,3.63101
3253,3.76978
3254,3.44672
3255,3.03719
3256,2.36167
3257,1.53581
3258,0.738665
3259,0
3260,0
3261,0
3262,0
3263,0
3264,0
3265,0
3266,0
3267,0
3268,0
3269,0
3270,0.0864531
3271,0.466963
3272,1.36266
3273,2.15688
3274,2.88921
3275,3.35977
3276,3.63478
3277,3.69627
3278,3.48899
3279,3.04186
3280,2.42671
3281,1.51532
3282,0.731697
3283,0
3284,0
3285,0
3286,0
3287,0
3288,0
3289,0
3290,0
3291,0
3292,0
3293,0
3294,0.048197
3295,0.30617
3296,1.21982
3297,1.90549
3298,1.63364
3299,2.89567
3300,3.43707
3301,3.69516
3302,3.52769
3303,3.11182
3304,2.44916
3305,1.52341
3306,0.73299
3307,0
3308,0
3309,0
3310,0
3311,0
3312,0
3313,0
3314,0
3315,0
3316,0
3317,0
3318,0.0759081
3319,0.431863
3320,1.00755
3321,2.10094
3322,2.57038
3323,3.21316
3324,3.48226
3325,3.66922
3326,3.3296
3327,2.83789
3328,2.26461
3329,1.35453
3330,0.465937
3331,0
3332,0
3333,0
3334,0
3335,0
3336,0
3337,0
3338,0
3339,0
3340,0
3341,0
3342,0.0287787
3343,0.283029
3344,0.755288
3345,0.876888
3346,1.83004
3347,2.33715
3348,3.34868
3349,3.56735
3350,3.36731
3351,2.95196
3352,2.30893
3353,1.50368
3354,0.753565
3355,0
3356,0
3357,0
3358,0
3359,0
3360,0
3361,0
3362,0
3363,0
3364,0
3365,0
3366,0.0983747
3367,0.492066
3368,1.34421
3369,2.17184
3370,2.86759
3371,3.32903
3372,3.49218
3373,3.5539
3374,3.36971
3375,2.9436
3376,2.38106
3377,1.61218
3378,0.742411
3379,0
3380,0
3381,0
3382,0
3383,0
3384,0
3385,0
3386,0
3387,0
3388,0
3389,0
3390,0.107103
3391,0.48146
3392,1.37102
3393,2.06304
3394,2.74354
3395,3.25065
3396,3.57607
3397,3.56496
3398,3.36757
3399,2.92128
3400,2.29264
3401,1.48176
3402,0.726416
3403,0
3404,0
3405,0
3406,0
3407,0
3408,0
3409,0
3410,0
3411,0
3412,0
3413,0
3414,0.102973
3415,0.500555
3416,1.35067
3417,2.1663
3418,2.55026
3419,3.07813
3420,3.35498
3421,3.39202
3422,3.24509
3423,2.87168
3424,2.30826
3425,1.54053
3426,0.73948
3427,0
3428,0
3429,0
3430,0
3431,0
3432,0
3433,0
3434,0
3435,0
3436,0
3437,0
3438,0.10029
3439,0.2241
3440,0.675657
3441,2.14021
3442,2.78423
3443,3.31327
3444,3.53276
3445,3.66067
3446,3.44275
3447,2.9922
3448,2.34884
3449,1.57454
3450,0.752942
3451,0
3452,0
3453,0
3454,0
3455,0
3456,0
3457,0
3458,0
3459,0
3460,0
3461,0
3462,0.0734498
3463,0.411461
3464,1.30956
3465,2.23482
3466,2.82855
3467,3.31829
3468,3.52495
3469,3.57034
3470,3.33216
3471,2.91885
3472,2.25972
3473,1.55049
3474,0.748508
3475,0
3476,0
3477,0
3478,0
3479,0
3480,0
3481,0
3482,0
3483,0
3484,0
3485,0
3486,0.0520601
3487,0.225285
3488,0.610205
3489,1.53423
3490,2.73971
3491,3.24136
3492,3.50167
3493,3.50088
3494,3.32756
3495,2.88571
3496,2.35024
3497,1.49767
3498,0.749575
3499,0
3500,0
3501,0
3502,0
3503,0
3504,0
3505,0
3506,0
3507,0
3508,0
3509,0
3510,0.024644
3511,0.289205
3512,0.528055
3513,1.05855
3514,2.71622
3515,3.21176
3516,3.51318
3517,3.68634
3518,3.39171
3519,2.95778
3520,2.41562
3521,1.5772
3522,0.774247
3523,0
3524,0
3525,0
3526,0
3527,0
3528,0
3529,0
3530,0
3531,0
3532,0
3533,0
3534,0.0599314
3535,0.396458
3536,1.25604
3537,2.09584
3538,2.80446
3539,3.4325
3540,3.74196
3541,3.70588
3542,3.49853
3543,3.00789
3544,2.31791
3545,1.59841
3546,0.75334
3547,0.299455
3548,0
3549,0
3550,0
3551,0
3552,0
3553,0
3554,0
3555,0
3556,0
3557,0
3558,0.0524534
3559,0.332701
3560,0.640449
3561,0.742027
3562,0.913514
3563,0.72826
3564,0.846339
3565,2.57956
3566,3.25585
3567,2.79805
3568,2.28628
3569,1.4602
3570,0.764409
3571,0.275289
3572,0
3573,0
3574,0
3575,0
3576,0
3577,0
3578,0
3579,0
3580,0
3581,0
3582,0.113921
3583,0.498148
3584,1.33476
3585,2.20007
3586,2.90444
3587,3.28978
3588,3.59028
3589,3.73807
3590,3.48544
3591,3.08147
3592,2.41185
3593,1.60461
3594,0.767411
3595,0.286078
3596,0
3597,0
3598,0
3599,0
3600,0
3601,0
3602,0
3603,0
3604,0
3605,0
3606,0.111926
3607,0.510941
3608,1.31228
3609,2.14346
3610,2.75214
3611,3.33911
3612,3.67093
3613,3.74005
3614,3.41292
3615,3.01316
3616,2.40877
3617,1.57724
3618,0.734198
3619,0.283291
3620,0
3621,0
3622,0
3623,0
3624,0
3625,0
3626,0
3627,0
3628,0
3629,0
3630,0.120926
3631,0.488249
3632,1.33285
3633,2.1628
3634,2.75269
3635,3.24047
3636,3.54075
3637,3.55019
3638,3.31119
3639,2.9516
3640,2.30414
3641,1.53103
3642,0.76352
3643,0.30227
3644,0
3645,0
3646,0
3647,0
3648,0
3649,0
3650,0
3651,0
3652,0
3653,0
3654,0.121497
3655,0.490764
3656,1.33476
3657,2.18099
3658,2.84014
3659,3.31237
3660,3.53393
3661,3.5786
3662,3.41136
3663,2.95237
3664,2.36931
3665,1.59435
3666,0.771536
3667,0.294338
3668,0
3669,0
3670,0
3671,0
3672,0
3673,0
3674,0
3675,0
3676,0
3677,0
3678,0.119788
3679,0.493161
3680,1.29973
3681,2.03216
3682,2.70152
3683,3.26832
3684,3.53674
3685,3.58571
3686,3.42398
3687,3.01702
3688,2.35069
3689,1.56714
3690,0.803424
3691,0.290938
3692,0
3693,0
3694,0
3695,0
3696,0
3697,0
3698,0
3699,0
3700,0
3701,0
3702,0.121305
3703,0.504343
3704,1.34747
3705,2.12016
3706,2.76443
3707,3.11858
3708,3.4398
3709,3.58833
3710,3.44672
3711,2.99282
3712,2.39133
3713,1.54534
3714,0.799922
3715,0.285492
3716,0
3717,0
3718,0
3719,0
3720,0
3721,0
3722,0
3723,0
3724,0
3725,0
3726,0.124676
3727,0.513877
3728,1.36026
3729,2.21199
3730,2.88341
3731,3.31156
3732,3.67268
3733,3.68787
3734,3.38217
3735,3.04771
3736,2.42923
3737,1.60839
3738,0.802778
3739,0.288503
3740,0
3741,0
3742,0
3743,0
3744,0
3745,0
3746,0
3747,0
3748,0
3749,0
3750,0.118837
3751,0.501595
3752,1.38222
3753,2.21965
3754,2.86143
3755,2.92901
3756,3.68914
3757,3.65808
3758,3.52209
3759,3.00932
3760,2.34969
3761,1.59085
3762,0.824388
3763,0.292628
3764,0
3765,0
3766,0
3767,0
3768,0
3769,0
3770,0
3771,0
3772,0
3773,0
3774,0.129406
3775,0.490202
3776,1.36887
3777,2.18772
3778,2.79593
3779,3.37594
3780,3.64234
3781,3.67703
3782,3.37061
3783,2.99559
3784,2.36779
3785,1.61644
3786,0.786665
3787,0.289515
3788,0
3789,0
3790,0
3791,0
3792,0
3793,0
3794,0
3795,0
3796,0
3797,0
3798,0.0203829
3799,0.373402
3800,0.824285
3801,0.547717
3802,1.81131
3803,2.099
3804,1.44154
3805,2.18463
3806,1.31069
3807,0.562331
3808,0.968965
3809,0.936571
3810,0.287066
3811,0.144984
3812,0
3813,0
3814,0
3815,0
3816,0
3817,0
3818,0
3819,0
3820,0
3821,0
3822,0.0935283
3823,0.432762
3824,0.872383
3825,1.8322
3826,0.962451
3827,0.893394
3828,0.795276
3829,0.729253
3830,1.3627
3831,1.77922
3832,1.07454
3833,1.60029
3834,0.819204
3835,0.297559
3836,0
3837,0
3838,0
3839,0
3840,0
3841,0
3842,0
3843,0
3844,0
3845,0
3846,0.0867153
3847,0.539453
3848,1.29711
3849,2.09897
3850,2.7334
3851,3.25316
3852,3.56809
3853,3.59577
3854,3.37426
3855,2.90121
3856,2.29895
3857,1.60713
3858,0.746878
3859,0.293799
3860,0
3861,0
3862,0
3863,0
3864,0
3865,0
3866,0
3867,0
3868,0
3869,0
3870,0.11954
3871,0.481511
3872,1.32769
3873,2.02795
3874,2.7356
3875,3.21196
3876,3.57308
3877,3.58925
3878,3.41613
3879,2.92382
3880,2.33595
3881,1.58111
3882,0.811305
3883,0.288452
3884,0
3885,0
3886,0
3887,0
3888,0
3889,0
3890,0
3891,0
3892,0
3893,0
3894,0.125786
3895,0.483558
3896,1.31936
3897,2.13253
3898,2.80725
3899,3.28679
3900,3.55259
3901,3.5648
3902,3.33105
3903,2.97408
3904,2.38108
3905,1.59107
3906,0.795693
3907,0.288658
3908,0
3909,0
3910,0
3911,0
3912,0
3913,0
3914,0
3915,0
3916,0
3917,0
3918,0.124232
3919,0.472474
3920,1.26283
3921,2.05778
3922,2.70448
3923,3.13128
3924,3.34533
3925,3.47351
3926,3.28925
3927,2.83553
3928,2.27944
3929,1.5804
3930,0.794691
3931,0.282327
3932,0
3933,0
3934,0
3935,0
3936,0
3937,0
3938,0
3939,0
3940,0
3941,0
3942,0.130614
3943,0.480261
3944,1.33106
3945,2.03885
3946,2.50016
3947,2.96455
3948,3.18802
3949,3.28523
3950,3.08574
3951,2.74855
3952,2.25725
3953,1.55873
3954,0.816348
3955,0.312328
3956,0
3957,0
3958,0
3959,0
3960,0
3961,0
3962,0
3963,0
3964,0
3965,0
3966,0.133138
3967,0.491597
3968,1.27533
3969,2.12333
3970,2.74051
3971,3.18981
3972,3.46312
3973,3.56353
3974,3.37527
3975,2.98538
3976,2.38138
3977,1.46673
3978,0.351867
3979,0.336176
3980,0
3981,0
3982,0
3983,0
3984,0
3985,0
3986,0
3987,0
3988,0
3989,0
3990,0.113729
3991,0.37262
3992,1.05238
3993,1.16659
3994,1.37555
3995,1.08134
3996,1.83983
3997,1.74558
3998,2.07372
3999,1.54904
4000,0.902295
4001,1.22618
4002,0.318242
4003,0.195925
4004,0
4005,0
4006,0
4007,0
4008,0
4009,0
4010,0
4011,0
4012,0
4013,0
4014,0.0746953
4015,0.26105
4016,1.28366
4017,1.89542
4018,2.76461
4019,2.27839
4020,2.53127
4021,1.99971
4022,2.13773
4023,2.68015
4024,2.41802
4025,1.63612
4026,0.842425
4027,0.306283
4028,0
4029,0
4030,0
4031,0
4032,0
4033,0
4034,0
4035,0
4036,0
4037,0
4038,0.0672923
4039,0.471439
4040,0.460337
4041,1.46672
4042,0.732615
4043,0.870145
4044,1.01124
4045,2.95655
4046,0.670502
4047,0.652638
4048,0.786211
4049,1.33078
4050,0.837428
4051,0.307392
4052,0
4053,0
4054,0
4055,0
4056,0
4057,0
4058,0
4059,0
4060,0
4061,0
4062,0.133086
4063,0.462332
4064,1.28729
4065,2.11937
4066,2.70796
4067,3.09337
4068,3.02226
4069,2.51305
4070,1.28007
4071,2.27479
4072,1.66825
4073,1.59735
4074,0.837929
4075,0.299713
4076,0
4077,0
4078,0
4079,0
4080,0
4081,0
4082,0
4083,0
4084,0
4085,0
4086,0.134247
4087,0.462622
4088,1.30563
4089,2.12194
4090,2.85441
4091,3.23864
4092,3.55536
4093,3.56887
4094,3.45645
4095,2.99802
4096,2.39234
4097,1.60996
4098,0.847842
4099,0.299039
4100,0
4101,0
4102,0
4103,0
4104,0
4105,0
4106,0
4107,0
4108,0
4109,0
4110,0.126385
4111,0.472273
4112,1.16512
4113,1.80931
4114,2.25033
4115,3.34403
4116,3.54938
4117,3.63154
4118,3.43849
4119,3.07727
4120,2.38864
4121,1.63599
4122,0.826523
4123,0.30618
4124,0
4125,0
4126,0
4127,0
4128,0
4129,0
4130,0
4131,0
4132,0
4133,0
4134,0.131349
4135,0.453969
4136,1.2941
4137,2.1218
4138,2.77794
4139,3.23413
4140,3.57903
4141,3.57526
4142,3.42812
4143,3.01211
4144,2.40924
4145,1.61061
4146,0.811927
4147,0.305355
4148,0
4149,0
4150,0
4151,0
4152,0
4153,0
4154,0
4155,0
4156,0
4157,0
4158,0.114515
4159,0.471069
4160,1.17704
4161,1.93941
4162,2.65625
4163,3.25368
4164,3.45185
4165,3.64042
4166,3.42874
4167,2.99655
4168,2.36397
4169,1.58873
4170,0.815369
4171,0.302818
4172,0
4173,0
4174,0
4175,0
4176,0
4177,0
4178,0
4179,0
4180,0
4181,0
4182,0.117657
4183,0.472713
4184,1.25973
4185,1.97865
4186,2.62438
4187,3.12866
4188,3.45349
4189,3.56155
4190,3.35231
4191,2.99917
4192,2.42382
4193,1.6156
4194,0.803766
4195,0.299863
4196,0
4197,0
4198,0
4199,0
4200,0
4201,0
4202,0
4203,0
4204,0
4205,0
4206,0.0429994
4207,0.410567
4208,0.467454
4209,0.810471
4210,2.3367
4211,2.99926
4212,3.39481
4213,3.51485
4214,3.33581
4215,2.96512
4216,2.37946
4217,1.59946
4218,0.832694
4219,0.303169
4220,0
4221,0
4222,0
4223,0
4224,0
4225,0
4226,0
4227,0
4228,0
4229,0
4230,0.1219
4231,0.467202
4232,1.25819
4233,1.95301
4234,2.60851
4235,3.06886
4236,3.51274
4237,3.49491
4238,3.33306
4239,2.95516
4240,2.31914
4241,1.66121
4242,0.85142
4243,0.310717
4244,0
4245,0
4246,0
4247,0
4248,0
4249,0
4250,0
4251,0
4252,0
4253,0
4254,0.088195
4255,0.340985
4256,1.14153
4257,2.06559
4258,2.70737
4259,3.10967
4260,3.51921
4261,3.60382
4262,3.367
4263,2.9805
4264,2.41609
4265,1.60907
4266,0.814817
4267,0.299282
4268,0
4269,0
4270,0
4271,0
4272,0
4273,0
4274,0
4275,0
4276,0
4277,0
4278,0.108938
4279,0.473603
4280,1.09098
4281,1.71036
4282,2.17337
4283,2.4841
4284,2.65319
4285,2.74361
4286,2.62871
4287,2.37397
4288,1.95587
4289,1.41562
4290,0.749233
4291,0.310075
4292,0
4293,0
4294,0
4295,0
4296,0
4297,0
4298,0
4299,0
4300,0
4301,0
4302,0.107665
4303,0.442333
4304,1.2518
4305,2.04983
4306,2.67118
4307,3.08048
4308,3.34563
4309,3.42554
4310,3.22458
4311,2.9419
4312,2.31801
4313,1.58219
4314,0.811604
4315,0.300415
4316,0
4317,0
4318,0
4319,0
4320,0
4321,0
4322,0
4323,0
4324,0
4325,0
4326,0.125931
4327,0.433867
4328,1.26273
4329,2.05823
4330,2.65867
4331,3.12401
4332,3.40548
4333,3.42639
4334,3.28748
4335,2.92114
4336,2.31681
4337,1.57957
4338,0.786548
4339,0.302724
4340,0
4341,0
4342,0
4343,0
4344,0
4345,0
4346,0
4347,0
4348,0
4349,0
4350,0.121164
4351,0.419871
4352,1.2591
4353,2.06105
4354,2.64373
4355,3.1757
4356,3.4183
4357,3.53419
4358,3.39898
4359,3.01004
4360,2.41282
4361,1.62273
4362,0.810092
4363,0.304808
4364,0
4365,0
4366,0
4367,0
4368,0
4369,0
4370,0
4371,0
4372,0
4373,0
4374,0.120818
4375,0.433352
4376,1.27063
4377,2.08692
4378,2.79375
4379,3.12145
4380,3.42394
4381,3.50733
4382,3.38176
4383,2.93716
4384,2.40787
4385,1.60741
4386,0.806781
4387,0.305505
4388,0
4389,0
4390,0
4391,0
4392,0
4393,0
4394,0
4395,0
4396,0
4397,0
4398,0.123815
4399,0.41104
4400,1.25211
4401,1.99762
4402,2.78892
4403,3.36183
4404,3.62785
4405,3.63098
4406,3.36214
4407,3.06389
4408,2.47729
4409,1.68862
4410,0.829051
4411,0.313985
4412,0
4413,0
4414,0
4415,0
4416,0
4417,0
4418,0
4419,0
4420,0
4421,0
4422,0.125749
4423,0.421093
4424,1.2415
4425,2.05077
4426,2.71714
4427,3.09789
4428,3.36985
4429,3.47941
4430,3.27153
4431,2.94092
4432,2.37083
4433,1.6372
4434,0.815341
4435,0.298477
4436,0
4437,0
4438,0
4439,0
4440,0
4441,0
4442,0
4443,0
4444,0
4445,0
4446,0.113705
4447,0.411185
4448,1.19843
4449,2.02184
4450,2.3933
4451,2.75928
4452,3.01348
4453,3.09696
4454,2.9518
4455,2.69772
4456,2.23018
4457,1.57622
4458,0.817228
4459,0.311916
4460,0
4461,0
4462,0
4463,0
4464,0
4465,0
4466,0
4467,0
4468,0
4469,0
4470,0.0401384
4471,0.435932
4472,1.24117
4473,2.00984
4474,2.74685
4475,3.32082
4476,3.57399
4477,3.63655
4478,3.4507
4479,3.01822
4480,2.4232
4481,1.63097
4482,0.827675
4483,0.315137
4484,0
4485,0
4486,0
4487,0
4488,0
4489,0
4490,0
4491,0
4492,0
4493,0
4494,0.109772
4495,0.408876
4496,1.23535
4497,2.05409
4498,2.70309
4499,3.13338
4500,3.39898
4501,3.46303
4502,3.34643
4503,2.96045
4504,2.30277
4505,1.63546
4506,0.824097
4507,0.301188
4508,0
4509,0
4510,0
4511,0
4512,0
4513,0
4514,0
4515,0
4516,0
4517,0
4518,0.11739
4519,0.390427
4520,1.18997
4521,1.947
4522,2.68571
4523,3.0242
4524,3.28505
4525,3.34572
4526,3.19845
4527,2.79511
4528,2.28081
4529,1.57855
4530,0.833856
4531,0.31023
4532,0
4533,0
4534,0
4535,0
4536,0
4537,0
4538,0
4539,0
4540,0
4541,0
4542,0.0521865
4543,0.452218
4544,1.20836
4545,2.02244
4546,2.70539
4547,3.19427
4548,3.45639
4549,3.41866
4550,3.18978
4551,2.79581
4552,2.28237
4553,1.57177
4554,0.804459
4555,0.326614
4556,0
4557,0
4558,0
4559,0
4560,0
4561,0
4562,0
4563,0
4564,0
4565,0
4566,0.0666789
4567,0.429006
4568,1.20419
4569,2.0611
4570,2.71539
4571,3.11711
4572,3.40392
4573,3.46355
4574,3.22847
4575,2.78366
4576,2.28644
4577,1.56417
4578,0.801626
4579,0.317474
4580,0
4581,0
4582,0
4583,0
4584,0
4585,0
4586,0
4587,0
4588,0
4589,0
4590,0.0990162
4591,0.388404
4592,1.2182
4593,1.96026
4594,2.52844
4595,2.86146
4596,3.05406
4597,3.12998
4598,3.0621
4599,2.73321
4600,2.20983
4601,1.58002
4602,0.798039
4603,0.308488
4604,0
4605,0
4606,0
4607,0
4608,0
4609,0
4610,0
4611,0
4612,0
4613,0
4614,0.0378346
4615,0.410365
4616,1.04932
4617,1.91439
4618,2.53124
4619,2.918
4620,3.19457
4621,3.39077
4622,3.19599
4623,2.71141
4624,2.20619
4625,1.51316
4626,0.786136
4627,0.304789
4628,0
4629,0
4630,0
4631,0
4632,0
4633,0
4634,0
4635,0
4636,0
4637,0
4638,0.080525
4639,0.407823
4640,1.17787
4641,1.96344
4642,2.54737
4643,3.02944
4644,3.28551
4645,3.44632
4646,3.28628
4647,2.8489
4648,2.29581
4649,1.56532
4650,0.803878
4651,0.295953
4652,0
4653,0
4654,0
4655,0
4656,0
4657,0
4658,0
4659,0
4660,0
4661,0
4662,0.0683131
4663,0.420306
4664,1.19604
4665,1.64391
4666,2.60143
4667,2.95325
4668,3.17883
4669,3.23161
4670,3.1116
4671,2.76184
4672,2.2778
4673,1.63149
4674,0.852834
4675,0.321871
4676,0
4677,0
4678,0
4679,0
4680,0
4681,0
4682,0
4683,0
4684,0
4685,0
4686,0.0966516
4687,0.388877
4688,1.14169
4689,1.9826
4690,2.72979
4691,3.19299
4692,3.54887
4693,3.65862
4694,3.26757
4695,2.93236
4696,2.35847
4697,1.62903
4698,0.825909
4699,0.304714
4700,0
4701,0
4702,0
4703,0
4704,0
4705,0
4706,0
4707,0
4708,0
4709,0
4710,0.0718156
4711,0.398172
4712,1.1025
4713,1.9464
4714,2.69551
4715,3.16461
4716,3.47051
4717,3.56244
4718,3.40559
4719,2.9968
4720,2.4016
4721,1.68137
4722,0.87251
4723,0.309532
4724,0
4725,0
4726,0
4727,0
4728,0
4729,0
4730,0
4731,0
4732,0
4733,0
4734,0.0441794
4735,0.41583
4736,1.17771
4737,1.94978
4738,2.63849
4739,3.11872
4740,3.49511
4741,3.55949
4742,3.48587
4743,3.08334
4744,2.49935
4745,1.69337
4746,0.837517
4747,0.313742
4748,0
4749,0
4750,0
4751,0
4752,0
4753,0
4754,0
4755,0
4756,0
4757,0
4758,0.0373523
4759,0.34614
4760,1.19801
4761,1.96766
4762,2.67054
4763,3.10934
4764,3.3812
4765,3.40635
4766,3.40602
4767,2.94752
4768,2.38506
4769,1.6377
4770,0.85798
4771,0.323936
4772,0
4773,0
4774,0
4775,0
4776,0
4777,0
4778,0
4779,0
4780,0
4781,0
4782,0.044156
4783,0.345812
4784,1.09023
4785,1.9669
4786,2.64241
4787,3.1763
4788,3.48831
4789,3.62139
4790,3.42156
4791,3.00873
4792,2.39452
4793,1.67499
4794,0.807147
4795,0.294422
4796,0
4797,0
4798,0
4799,0
4800,0
4801,0
4802,0
4803,0
4804,0
4805,0
4806,0.0602919
4807,0.224727
4808,0.542056
4809,0.659395
4810,1.57513
4811,3.28554
4812,3.50736
4813,3.52307
4814,3.33431
4815,3.01735
4816,2.44604
4817,1.64937
4818,0.827736
4819,0.301225
4820,0
4821,0
4822,0
4823,0
4824,0
4825,0
4826,0
4827,0
4828,0
4829,0
4830,0.0161827
4831,0.286644
4832,0.885059
4833,2.04019
4834,2.72623
4835,3.21116
4836,3.51683
4837,3.58395
4838,3.4769
4839,3.05102
4840,2.45488
4841,1.6927
4842,0.821892
4843,0.300991
4844,0
4845,0
4846,0
4847,0
4848,0
4849,0
4850,0
4851,0
4852,0
4853,0
4854,0.00880779
4855,0.208891
4856,0.619168
4857,1.91738
4858,2.64676
4859,3.14718
4860,3.39281
4861,3.56909
4862,3.36988
4863,2.98439
4864,2.3736
4865,1.66818
4866,0.818099
4867,0.304264
4868,0
4869,0
4870,0
4871,0
4872,0
4873,0
4874,0
4875,0
4876,0
4877,0
4878,0
4879,0.136467
4880,0.282449
4881,0.694879
4882,1.08236
4883,1.94817
4884,3.46085
4885,3.45822
4886,3.37451
4887,3.10237
4888,2.47971
4889,1.66973
4890,0.833214
4891,0.306952
4892,0
4893,0
4894,0
4895,0
4896,0
4897,0
4898,0
4899,0
4900,0
4901,0
4902,0.0126896
4903,0.376604
4904,0.764615
4905,0.974523
4906,2.54841
4907,3.14741
4908,3.54804
4909,3.5928
4910,3.42658
4911,3.0416
4912,2.33366
4913,1.64377
4914,0.820314
4915,0.288962
4916,0
4917,0
4918,0
4919,0
4920,0
4921,0
4922,0
4923,0
4924,0
4925,0
4926,0.00915898
4927,0.292067
4928,1.06766
4929,2.00306
4930,2.6817
4931,3.10734
4932,3.40832
4933,3.5252
4934,1.35832
4935,1.197
4936,0.980179
4937,0.74059
4938,0.470053
4939,0.183086
4940,0
4941,0
4942,0
4943,0
4944,0
4945,0
4946,0
4947,0
4948,0
4949,0
4950,0.00881247
4951,0.269946
4952,1.04311
4953,1.99881
4954,2.74392
4955,3.0736
4956,3.41427
4957,3.55975
4958,3.36414
4959,2.97518
4960,2.40007
4961,1.6211
4962,0.815748
4963,0.291345
4964,0
4965,0
4966,0
4967,0
4968,0
4969,0
4970,0
4971,0
4972,0
4973,0
4974,0.0125819
4975,0.189005
4976,0.652039
4977,1.3851
4978,2.58351
4979,3.10777
4980,3.43025
4981,3.53322
4982,2.27062
4983,1.75104
4984,2.29739
4985,1.56535
4986,0.824898
4987,0.292352
4988,0
4989,0
4990,0
4991,0
4992,0
4993,0
4994,0
4995,0
4996,0
4997,0
4998,0.000950548
4999,0.173402
5000,0.487837
5001,1.89758
5002,2.68095
5003,3.19242
5004,3.52939
5005,3.68471
5006,3.50184
5007,3.06634
5008,2.38414
5009,1.62506
5010,0.848713
5011,0.286991
5012,0
5013,0
5014,0
5015,0
5016,0
5017,0
5018,0
5019,0
5020,0
5021,0
5022,0.00900446
5023,0.330566
5024,1.19635
5025,2.05134
5026,2.7421
5027,3.26687
5028,3.43135
5029,3.44876
5030,3.38946
5031,2.99228
5032,2.41774
5033,1.63287
5034,0.814582
5035,0
5036,0
5037,0
5038,0
5039,0
5040,0
5041,0
5042,0
5043,0
5044,0
5045,0
5046,0.0408408
5047,0.345719
5048,1.13554
5049,2.03451
5050,2.81172
5051,3.18627
5052,3.5203
5053,3.60474
5054,3.54028
5055,3.05633
5056,2.39285
5057,1.67149
5058,0.846166
5059,0
5060,0
5061,0
5062,0
5063,0
5064,0
5065,0
5066,0
5067,0
5068,0
5069,0
5070,0.0429058
5071,0.324802
5072,1.18151
5073,2.02711
5074,2.68292
5075,3.11861
5076,3.49367
5077,3.58898
5078,3.42594
5079,3.07686
5080,2.55086
5081,1.64682
5082,0.829393
5083,0
5084,0
5085,0
5086,0
5087,0
5088,0
5089,0
5090,0
5091,0
5092,0
5093,0
5094,0.0464223
5095,0.332261
5096,1.15497
5097,2.05522
5098,2.78638
5099,3.29392
5100,3.60618
5101,3.72293
5102,3.55949
5103,3.15842
5104,2.49577
5105,1.61096
5106,0.669518
5107,0.103984
5108,0
5109,0
5110,0
5111,0
5112,0
5113,0
5114,0
5115,0
5116,0
5117,0
5118,0.0209167
5119,0.223931
5120,0.507176
5121,1.81844
5122,2.76649
5123,3.18184
5124,3.45579
5125,3.6201
5126,3.45534
5127,3.10198
5128,2.49399
5129,1.59785
5130,0.663338
5131,0.0648527
5132,0
5133,0
5134,0
5135,0
5136,0
5137,0
5138,0
5139,0
5140,0
5141,0
5142,0.0167915
5143,0.227364
5144,0.504456
5145,0.774083
5146,2.45989
5147,3.2934
5148,3.64464
5149,3.71915
5150,3.51996
5151,3.12289
5152,2.49314
5153,1.62355
5154,0.663581
5155,0.0624927
5156,0
5157,0
5158,0
5159,0
5160,0
5161,0
5162,0
5163,0
5164,0
5165,0
5166,0.0166557
5167,0.447455
5168,0.50107
5169,1.94076
5170,2.72273
5171,3.17086
5172,3.50388
5173,3.62451
5174,3.46999
5175,3.0999
5176,2.45441
5177,1.61019
5178,0.661221
5179,0.129143
5180,0
5181,0
5182,0
5183,0
5184,0
5185,0
5186,0
5187,0
5188,0
5189,0
5190,0.0204672
5191,0.192296
5192,0.467272
5193,0.743764
5194,0.969981
5195,1.12691
5196,1.2299
5197,1.24859
5198,1.18645
5199,1.03914
5200,0.845721
5201,0.593343
5202,0.310338
5203,0.0951672
5204,0
5205,0
5206,0
5207,0
5208,0
5209,0
5210,0
5211,0
5212,0
5213,0
5214,0.0205515
5215,0.242114
5216,0.434298
5217,0.700048
5218,0.934815
5219,1.91592
5220,2.32998
5221,2.02112
5222,1.89711
5223,1.85002
5224,1.61381
5225,1.13001
5226,0.328108
5227,0.120294
5228,0
5229,0
5230,0
5231,0
5232,0
5233,0
5234,0
5235,0
5236,0
5237,0
5238,0.00120809
5239,0.327054
5240,0.878658
5241,1.42248
5242,2.36886
5243,2.40582
5244,3.36711
5245,3.58597
5246,3.42107
5247,2.57118
5248,2.32394
5249,1.28214
5250,0.504544
5251,0.0991473
5252,0
5253,0
5254,0
5255,0
5256,0
5257,0
5258,0
5259,0
5260,0
5261,0
5262,0.00110975
5263,0.116515
5264,0.307453
5265,0.747215
5266,1.84537
5267,2.55196
5268,3.32985
5269,2.76082
5270,2.62649
5271,2.15848
5272,2.23364
5273,1.37137
5274,0.597909
5275,0.0759174
5276,0
5277,0
5278,0
5279,0
5280,0
5281,0
5282,0
5283,0
5284,0
5285,0
5286,0.0168008
5287,0.255295
5288,0.486732
5289,0.697904
5290,2.55178
5291,2.4763
5292,3.25981
5293,2.90291
5294,2.24996
5295,1.87516
5296,1.954
5297,1.28867
5298,0.619275
5299,0.117699
5300,0
5301,0
5302,0
5303,0
5304,0
5305,0
5306,0
5307,0
5308,0
5309,0
5310,0.0127083
5311,0.190035
5312,0.419253
5313,0.690641
5314,0.915865
5315,1.07401
5316,1.16974
5317,1.19367
5318,0.989858
5319,1.43141
5320,1.27327
5321,1.25583
5322,0.428636
5323,0.0913182
5324,0
5325,0
5326,0
5327,0
5328,0
5329,0
5330,0
5331,0
5332,0
5333,0
5334,0.00837232
5335,0.178979
5336,0.421641
5337,0.697941
5338,0.926799
5339,1.08745
5340,1.18571
5341,1.18732
5342,1.13398
5343,0.997355
5344,0.786871
5345,0.532574
5346,0.259476
5347,0.0872585
5348,0
5349,0
5350,0
5351,0
5352,0
5353,0
5354,0
5355,0
5356,0
5357,0
5358,0.0045233
5359,0.187871
5360,0.466368
5361,0.734521
5362,1.62525
5363,2.83235
5364,3.32796
5365,3.35059
5366,3.20002
5367,2.84707
5368,2.16099
5369,1.44364
5370,0.538708
5371,0.0634667
5372,0
5373,0
5374,0
5375,0
5376,0
5377,0
5378,0
5379,0
5380,0
5381,0
5382,0.00846597
5383,0.277279
5384,0.718221
5385,0.670226
5386,2.58972
5387,1.44141
5388,3.03079
5389,3.45219
5390,3.23442
5391,2.77111
5392,2.15401
5393,1.35492
5394,0.534218
5395,0.0920721
5396,0
5397,0
5398,0
5399,0
5400,0
5401,0
5402,0
5403,0
5404,0
5405,0
5406,0.00786661
5407,0.278656
5408,1.09361
5409,1.96383
5410,2.72601
5411,3.18469
5412,3.46033
5413,3.57215
5414,3.41025
5415,2.96724
5416,2.31825
5417,1.4601
5418,0.568699
5419,0.079523
5420,0
5421,0
5422,0
5423,0
5424,0
5425,0
5426,0
5427,0
5428,0
5429,0
5430,0.0161921
5431,0.264482
5432,1.12886
5433,2.0534
5434,2.75937
5435,3.27446
5436,3.50798
5437,3.53325
5438,3.3542
5439,2.95806
5440,2.34397
5441,1.52312
5442,0.576992
5443,0.0515122
5444,0
5445,0
5446,0
5447,0
5448,0
5449,0
5450,0
5451,0
5452,0
5453,0
5454,0.00352593
5455,0.315156
5456,1.03338
5457,1.99153
5458,2.6992
5459,3.23469
5460,3.55998
5461,3.62795
5462,3.43051
5463,2.99346
5464,2.32641
5465,1.45675
5466,0.543625
5467,0.0685565
5468,0
5469,0
5470,0
5471,0
5472,0
5473,0
5474,0
5475,0
5476,0
5477,0
5478,0.00986604
5479,0.241065
5480,0.857334
5481,1.33178
5482,2.09967
5483,2.63067
5484,3.13354
5485,3.10983
5486,2.33114
5487,2.92073
5488,2.2023
5489,1.34143
5490,0.543873
5491,0.0439078
5492,0
5493,0
5494,0
5495,0
5496,0
5497,0
5498,0
5499,0
5500,0
5501,0
5502,0.000632138
5503,0.277822
5504,0.817589
5505,1.68435
5506,2.74618
5507,3.16134
5508,3.43972
5509,3.55269
5510,3.3853
5511,2.90028
5512,2.26602
5513,1.43139
5514,0.524417
5515,0.0605541
5516,0
5517,0
5518,0
5519,0
5520,0
5521,0
5522,0
5523,0
5524,0
5525,0
5526,0
5527,0.11334
5528,0.391059
5529,1.08642
5530,0.659507
5531,1.08418
5532,2.93306
5533,1.21293
5534,1.14555
5535,0.981818
5536,0.77871
5537,0.632021
5538,0.238073
5539,0.0583534
5540,0
5541,0
5542,0
5543,0
5544,0
5545,0
5546,0
5547,0
5548,0
5549,0
5550,0
5551,0.225327
5552,0.457513
5553,0.663647
5554,0.916403
5555,1.09177
5556,1.19045
5557,1.20359
5558,1.13495
5559,1.4151
5560,1.47808
5561,1.20427
5562,0.344169
5563,0.0674796
5564,0
5565,0
5566,0
5567,0
5568,0
5569,0
5570,0
5571,0
5572,0
5573,0
5574,0
5575,0.263681
5576,1.06608
5577,1.96788
5578,2.69358
5579,3.1729
5580,3.46733
5581,3.42883
5582,3.36858
5583,2.94235
5584,2.28534
5585,1.40523
5586,0.492126
5587,0.0473214
5588,0
5589,0
5590,0
5591,0
5592,0
5593,0
5594,0
5595,0
5596,0
5597,0
5598,0
5599,0.263072
5600,1.0226
5601,1.97894
5602,2.71061
5603,3.20175
5604,3.35967
5605,3.48266
5606,3.27245
5607,2.85527
5608,2.20921
5609,1.35492
5610,0.479727
5611,0.0478411
5612,0
5613,0
5614,0
5615,0
5616,0
5617,0
5618,0
5619,0
5620,0
5621,0
5622,0
5623,0.244235
5624,0.392759
5625,0.677006
5626,0.913772
5627,1.0826
5628,2.03071
5629,1.17243
5630,1.59782
5631,2.21297
5632,2.28452
5633,1.23179
5634,0.489715
5635,0.069376
5636,0
5637,0
5638,0
5639,0
5640,0
5641,0
5642,0
5643,0
5644,0
5645,0
5646,0
5647,0.273294
5648,1.05237
5649,1.36451
5650,2.06578
5651,2.92333
5652,3.16555
5653,3.35798
5654,3.50901
5655,2.77063
5656,1.96968
5657,1.43248
5658,0.489551
5659,0.0294342
5660,0
5661,0
5662,0
5663,0
5664,0
5665,0
5666,0
5667,0
5668,0
5669,0
5670,0
5671,0.254363
5672,0.950675
5673,1.84228
5674,2.40828
5675,3.23947
5676,3.59013
5677,3.66679
5678,3.28603
5679,2.94161
5680,2.22871
5681,1.32264
5682,0.444093
5683,0.0366546
5684,0
5685,0
5686,0
5687,0
5688,0
5689,0
5690,0
5691,0
5692,0
5693,0
5694,0
5695,0.291275
5696,0.732456
5697,2.0621
5698,2.7818
5699,3.29687
5700,3.46863
5701,3.66669
5702,2.97984
5703,2.83771
5704,2.33344
5705,1.42641
5706,0.469922
5707,0.0150589
5708,0
5709,0
5710,0
5711,0
5712,0
5713,0
5714,0
5715,0
5716,0
5717,0
5718,0
5719,0.236939
5720,1.01404
5721,1.8059
5722,2.67296
5723,3.21023
5724,3.51359
5725,3.56091
5726,3.36841
5727,2.91757
5728,2.214
5729,1.32913
5730,0.431905
5731,0.0263812
5732,0
5733,0
5734,0
5735,0
5736,0
5737,0
5738,0
5739,0
5740,0
5741,0
5742,0
5743,0.246
5744,0.99226
5745,1.80799
5746,2.58041
5747,3.15671
5748,3.4396
5749,3.48428
5750,3.24571
5751,2.80999
5752,2.11157
5753,1.24679
5754,0.409349
5755,0.0221014
5756,0
5757,0
5758,0
5759,0
5760,0
5761,0
5762,0
5763,0
5764,0
5765,0
5766,0
5767,0.236771
5768,1.09346
5769,2.00876
5770,2.74606
5771,3.18439
5772,3.42301
5773,3.47876
5774,3.25111
5775,2.81446
5776,2.22786
5777,1.33993
5778,0.430837
5779,0.00727193
5780,0
5781,0
5782,0
5783,0
5784,0
5785,0
5786,0
5787,0
5788,0
5789,0
5790,0
5791,0.238124
5792,0.966637
5793,1.88089
5794,2.56127
5795,3.07718
5796,3.35642
5797,3.35274
5798,3.27256
5799,2.79294
5800,2.12141
5801,1.25285
5802,0.394276
5803,0.0146562
5804,0
5805,0
5806,0
5807,0
5808,0
5809,0
5810,0
5811,0
5812,0
5813,0
5814,0
5815,0.0553051
5816,0.65822
5817,1.76463
5818,2.73308
5819,3.14375
5820,3.49362
5821,3.50478
5822,3.367
5823,2.95684
5824,2.25327
5825,1.34058
5826,0.415563
5827,0.00283291
5828,0
5829,0
5830,0
5831,0
5832,0
5833,0
5834,0
5835,0
5836,0
5837,0
5838,0
5839,0.138813
5840,0.559096
5841,1.95208
5842,1.92538
5843,2.31854
5844,3.52807
5845,3.60548
5846,2.85686
5847,1.75846
5848,2.21558
5849,1.06501
5850,0.388896
5851,0.00544575
5852,0
5853,0
5854,0
5855,0
5856,0
5857,0
5858,0
5859,0
5860,0
5861,0
5862,0
5863,0.22985
5864,1.04122
5865,1.96553
5866,2.65735
5867,3.21198
5868,3.55785
5869,3.55212
5870,3.35432
5871,2.90521
5872,2.22558
5873,1.31049
5874,0.390362
5875,0
5876,0
5877,0
5878,0
5879,0
5880,0
5881,0
5882,0
5883,0
5884,0
5885,0
5886,0
5887,0.182196
5888,1.1066
5889,2.00441
5890,2.71769
5891,3.22325
5892,3.43865
5893,3.55123
5894,3.31091
5895,2.90185
5896,2.23561
5897,1.34152
5898,0.39016
5899,0
5900,0
5901,0
5902,0
5903,0
5904,0
5905,0
5906,0
5907,0
5908,0
5909,0
5910,0
5911,0.223079
5912,1.01557
5913,1.62564
5914,2.3665
5915,3.07981
5916,3.32397
5917,3.11953
5918,3.01771
5919,2.86034
5920,1.64605
5921,1.21054
5922,0.34842
5923,0
5924,0
5925,0
5926,0
5927,0
5928,0
5929,0
5930,0
5931,0
5932,0
5933,0
5934,0
5935,0.231171
5936,0.83283
5937,1.97322
5938,2.18461
5939,2.89171
5940,3.48758
5941,2.98031
5942,3.11818
5943,2.94172
5944,2.21008
5945,1.27408
5946,0.36178
5947,0
5948,0
5949,0
5950,0
5951,0
5952,0
5953,0
5954,0
5955,0
5956,0
5957,0
5958,0
5959,0.252673
5960,1.04736
5961,1.9621
5962,2.77776
5963,3.21
5964,3.54827
5965,3.62244
5966,3.45828
5967,2.95762
5968,2.23871
5969,1.31783
5970,0.364622
5971,0
5972,0
5973,0
5974,0
5975,0
5976,0
5977,0
5978,0
5979,0
5980,0
5981,0
5982,0
5983,0.158451
5984,0.834778
5985,0.78984
5986,1.03257
5987,2.10117
5988,2.03694
5989,1.24143
5990,1.13278
5991,2.38582
5992,1.10406
5993,0.861731
5994,0.334645
5995,0
5996,0
5997,0
5998,0
5999,0
6000,0
6001,0
6002,0
6003,0
6004,0
6005,0
6006,0
6007,0.213869
6008,0.946863
6009,1.63617
6010,2.56214
6011,2.96001
6012,3.25535
6013,3.31321
6014,3.06332
6015,2.47225
6016,2.03471
6017,1.01896
6018,0.269984
6019,0
6020,0
6021,0
6022,0
6023,0
6024,0
6025,0
6026,0
6027,0
6028,0
6029,0
6030,0
6031,0.194961
6032,0.911173
6033,1.85046
6034,1.85379
6035,2.34049
6036,3.15921
6037,3.05596
6038,3.23373
6039,2.73649
6040,2.09067
6041,1.11156
6042,0.297999
6043,0
6044,0
6045,0
6046,0
6047,0
6048,0
6049,0
6050,0
6051,0
6052,0
6053,0
6054,0
6055,0.12012
6056,0.225346
6057,1.16452
6058,2.78271
6059,1.35476
6060,3.51914
6061,3.32294
6062,1.98921
6063,2.21752
6064,1.78682
6065,1.0937
6066,0.308273
6067,0
6068,0
6069,0
6070,0
6071,0
6072,0
6073,0
6074,0
6075,0
6076,0
6077,0
6078,0
6079,0.0905128
6080,0.668048
6081,0.625976
6082,2.02359
6083,3.16107
6084,3.40658
6085,3.10687
6086,2.96028
6087,2.76205
6088,2.06268
6089,1.13222
6090,0.281311
6091,0
6092,0
6093,0
6094,0
6095,0
6096,0
6097,0
6098,0
6099,0
6100,0
6101,0
6102,0
6103,0.1935
6104,0.84212
6105,1.54517
6106,2.4675
6107,3.09453
6108,3.33697
6109,3.48595
6110,3.23915
6111,2.73927
6112,1.98364
6113,1.04952
6114,0.256381
6115,0
6116,0
6117,0
6118,0
6119,0
6120,0
6121,0
6122,0
6123,0
6124,0
6125,0
6126,0
6127,0.167816
6128,0.242231
6129,0.865603
6130,1.85245
6131,2.79582
6132,3.30338
6133,3.34446
6134,2.88572
6135,1.54656
6136,1.60187
6137,1.03631
6138,0.244455
6139,0
6140,0
6141,0
6142,0
6143,0
6144,0
6145,0
6146,0
6147,0
6148,0
6149,0
6150,0
6151,0.172382
6152,0.673737
6153,1.38197
6154,1.89215
6155,2.22851
6156,1.27514
6157,1.06894
6158,1.20327
6159,2.37377
6160,1.04465
6161,0.256564
6162,0.116477
6163,0
6164,0
6165,0
6166,0
6167,0
6168,0
6169,0
6170,0
6171,0
6172,0
6173,0
6174,0
6175,0.15419
6176,0.478528
6177,1.67879
6178,2.73393
6179,3.29395
6180,2.16625
6181,3.60327
6182,2.49624
6183,2.89156
6184,2.12145
6185,1.15954
6186,0.262951
6187,0
6188,0
6189,0
6190,0
6191,0
6192,0
6193,0
6194,0
6195,0
6196,0
6197,0
6198,0
6199,0.196707
6200,1.04995
6201,1.977
6202,2.71455
6203,3.18656
6204,3.38968
6205,3.38111
6206,3.15386
6207,2.76585
6208,2.03377
6209,1.09683
6210,0.245551
6211,0
6212,0
6213,0
6214,0
6215,0
6216,0
6217,0
6218,0
6219,0
6220,0
6221,0
6222,0
6223,0.182955
6224,0.901981
6225,1.81156
6226,1.80848
6227,2.91916
6228,3.5561
6229,3.55839
6230,1.3117
6231,2.84387
6232,2.07761
6233,0.514696
6234,0.107183
6235,0
6236,0
6237,0
6238,0
6239,0
6240,0
6241,0
6242,0
6243,0
6244,0
6245,0
6246,0
6247,0.162839
6248,0.894677
6249,1.45635
6250,2.5646
6251,3.07003
6252,3.35003
6253,3.34094
6254,3.18105
6255,2.67216
6256,1.89357
6257,0.951869
6258,0.19637
6259,0
6260,0
6261,0
6262,0
6263,0
6264,0
6265,0
6266,0
6267,0
6268,0
6269,0
6270,0
6271,0.178357
6272,0.986369
6273,1.90739
6274,2.64893
6275,3.10927
6276,3.14222
6277,3.02692
6278,3.2027
6279,2.05738
6280,1.91143
6281,0.986894
6282,0.193504
6283,0
6284,0
6285,0
6286,0
6287,0
6288,0
6289,0
6290,0
6291,0
6292,0
6293,0
6294,0
6295,0.193397
6296,1.03521
6297,1.90297
6298,2.63751
6299,3.03686
6300,3.26423
6301,3.36394
6302,3.11761
6303,2.66403
6304,1.96498
6305,1.06597
6306,0.20729
6307,0
6308,0
6309,0
6310,0
6311,0
6312,0
6313,0
6314,0
6315,0
6316,0
6317,0
6318,0
6319,0.156424
6320,0.875717
6321,1.74295
6322,2.5194
6323,2.81679
6324,3.29531
6325,3.29435
6326,3.07625
6327,2.59236
6328,1.85649
6329,0.911936
6330,0.167086
6331,0
6332,0
6333,0
6334,0
6335,0
6336,0
6337,0
6338,0
6339,0
6340,0
6341,0
6342,0
6343,0.0654567
6344,0.205585
6345,0.428777
6346,2.59119
6347,3.07213
6348,3.29575
6349,3.3187
6350,3.02538
6351,2.50894
6352,1.732
6353,0.842411
6354,0.14601
6355,0
6356,0
6357,0
6358,0
6359,0
6360,0
6361,0
6362,0
6363,0
6364,0
6365,0
6366,0
6367,0.174081
6368,0.984492
6369,1.84754
6370,2.62287
6371,3.06389
6372,3.13516
6373,3.21616
6374,3.10093
6375,2.55766
6376,1.85651
6377,0.944658
6378,0.171356
6379,0
6380,0
6381,0
6382,0
6383,0
6384,0
6385,0
6386,0
6387,0
6388,0
6389,0
6390,0
6391,0.143331
6392,0.876246
6393,1.67683
6394,2.47674
6395,2.92813
6396,3.16403
6397,3.16042
6398,2.90199
6399,1.21558
6400,1.20479
6401,0.824921
6402,0.13163
6403,0
6404,0
6405,0
6406,0
6407,0
6408,0
6409,0
6410,0
6411,0
6412,0
6413,0
6414,0
6415,0.152041
6416,0.922425
6417,0.842528
6418,1.68382
6419,3.14257
6420,3.46037
6421,3.4171
6422,3.11733
6423,2.67954
6424,1.14743
6425,0.920608
6426,0.144713
6427,0
6428,0
6429,0
6430,0
6431,0
6432,0
6433,0
6434,0
6435,0
6436,0
6437,0
6438,0
6439,0.0422081
6440,0.256629
6441,0.475082
6442,0.667734
6443,1.54225
6444,2.86759
6445,3.51598
6446,3.29684
6447,2.09095
6448,1.97065
6449,0.954566
6450,0.164187
6451,0
6452,0
6453,0
6454,0
6455,0
6456,0
6457,0
6458,0
6459,0
6460,0
6461,0
6462,0
6463,0.122396
6464,0.796325
6465,1.67171
6466,2.38974
6467,2.87137
6468,3.18545
6469,3.20603
6470,2.92868
6471,2.37282
6472,1.61907
6473,0.739854
6474,0.0973914
6475,0
6476,0
6477,0
6478,0
6479,0
6480,0
6481,0
6482,0
6483,0
6484,0
6485,0
6486,0
6487,0.159205
6488,0.97007
6489,1.88049
6490,2.58315
6491,2.9394
6492,3.12617
6493,3.15599
6494,2.72702
6495,2.45798
6496,1.74032
6497,0.872449
6498,0.125032
6499,0
6500,0
6501,0
6502,0
6503,0
6504,0
6505,0
6506,0
6507,0
6508,0
6509,0
6510,0
6511,0.130857
6512,0.882877
6513,1.77418
6514,2.35633
6515,2.90484
6516,2.64822
6517,3.25328
6518,2.91871
6519,2.48131
6520,1.7121
6521,0.817589
6522,0.10184
6523,0
6524,0
6525,0
6526,0
6527,0
6528,0
6529,0
6530,0
6531,0
6532,0
6533,0
6534,0
6535,0.0424797
6536,0.187656
6537,1.71666
6538,2.35396
6539,2.77363
6540,3.21573
6541,3.22975
6542,2.99253
6543,2.42839
6544,1.61569
6545,0.732414
6546,0.0808434
6547,0
6548,0
6549,0
6550,0
6551,0
6552,0
6553,0
6554,0
6555,0
6556,0
6557,0
6558,0
6559,0.148014
6560,0.989413
6561,1.85515
6562,2.46187
6563,3.05689
6564,3.2891
6565,3.32332
6566,3.09352
6567,2.6062
6568,1.90186
6569,1.01038
6570,0.0911964
6571,0
6572,0
6573,0
6574,0
6575,0
6576,0
6577,0
6578,0
6579,0
6580,0
6581,0
6582,0
6583,0.045926
6584,0.484812
6585,1.75068
6586,2.50542
6587,3.04943
6588,3.22677
6589,3.08578
6590,3.01136
6591,2.65129
6592,1.80153
6593,0.542698
6594,0.0239885
6595,0
6596,0
6597,0
6598,0
6599,0
6600,0
6601,0
6602,0
6603,0
6604,0
6605,0
6606,0
6607,0.0452985
6608,0.471036
6609,1.75906
6610,2.39438
6611,3.02137
6612,3.20141
6613,1.37058
6614,1.1822
6615,1.01616
6616,0.702942
6617,0.384738
6618,0.00475274
6619,0
6620,0
6621,0
6622,0
6623,0
6624,0
6625,0
6626,0
6627,0
6628,0
6629,0
6630,0
6631,0.0253183
6632,0.404437
6633,1.23926
6634,2.526
6635,3.05277
6636,3.12321
6637,3.24275
6638,2.9865
6639,2.58656
6640,1.95931
6641,1.00249
6642,0.0633262
6643,0
6644,0
6645,0
6646,0
6647,0
6648,0
6649,0
6650,0
6651,0
6652,0
6653,0
6654,0
6655,0.00562369
6656,0.125524
6657,0.401141
6658,0.874074
6659,1.10212
6660,2.8803
6661,3.12287
6662,2.89466
6663,2.50071
6664,1.23682
6665,0.598274
6666,0.0149606
6667,0
6668,0
6669,0
6670,0
6671,0
6672,0
6673,0
6674,0
6675,0
6676,0
6677,0
6678,0
6679,0.00504774
6680,0.229298
6681,0.380294
6682,0.413493
6683,0.690796
6684,1.89724
6685,2.94406
6686,2.76338
6687,2.46109
6688,1.83692
6689,0.930161
6690,0.0458932
6691,0
6692,0
6693,0
6694,0
6695,0
6696,0
6697,0
6698,0
6699,0
6700,0
6701,0
6702,0
6703,0.0169507
6704,0.398191
6705,1.57492
6706,2.50969
6707,2.9831
6708,3.06239
6709,3.15977
6710,2.87956
6711,2.48924
6712,1.67221
6713,0.749018
6714,0.0213429
6715,0
6716,0
6717,0
6718,0
6719,0
6720,0
6721,0
6722,0
6723,0
6724,0
6725,0
6726,0
6727,0.10869
6728,0.931945
6729,1.87849
6730,2.32584
6731,1.45674
6732,3.42051
6733,3.13771
6734,2.90839
6735,2.45645
6736,1.45863
6737,0.777413
6738,0.0148716
6739,0
6740,0
6741,0
6742,0
6743,0
6744,0
6745,0
6746,0
6747,0
6748,0
6749,0
6750,0
6751,0.107328
6752,0.950647
6753,1.87609
6754,2.50246
6755,2.96388
6756,3.07114
6757,2.96423
6758,2.75211
6759,2.53953
6760,1.76101
6761,0.964282
6762,0.0258006
6763,0
6764,0
6765,0
6766,0
6767,0
6768,0
6769,0
6770,0
6771,0
6772,0
6773,0
6774,0
6775,0.0994892
6776,0.972411
6777,1.78273
6778,2.40818
6779,2.77554
6780,2.89716
6781,2.97315
6782,2.93792
6783,2.4376
6784,1.58239
6785,0.922055
6786,0.0141833
6787,0
6788,0
6789,0
6790,0
6791,0
6792,0
6793,0
6794,0
6795,0
6796,0
6797,0
6798,0
6799,0.0191187
6800,0.465661
6801,1.74989
6802,2.48586
6803,2.76598
6804,2.18878
6805,2.41473
6806,2.22019
6807,2.33216
6808,1.72724
6809,0.892069
6810,0.00735153
6811,0
6812,0
6813,0
6814,0
6815,0
6816,0
6817,0
6818,0
6819,0
6820,0
6821,0
6822,0
6823,0.0842804
6824,0.797946
6825,1.8202
6826,2.50397
6827,3.05106
6828,3.19437
6829,3.17972
6830,2.89368
6831,2.41874
6832,1.63404
6833,0.928583
6834,0.0050056
6835,0
6836,0
6837,0
6838,0
6839,0
6840,0
6841,0
6842,0
6843,0
6844,0
6845,0
6846,0
6847,0.0843928
6848,0.934576
6849,1.84429
6850,2.56617
6851,2.91105
6852,3.081
6853,3.11693
6854,2.81499
6855,2.41915
6856,1.7327
6857,0.86815
6858,0.00052444
6859,0
6860,0
6861,0
6862,0
6863,0
6864,0
6865,0
6866,0
6867,0
6868,0
6869,0
6870,0
6871,0.0708276
6872,0.917518
6873,1.74443
6874,2.39067
6875,2.90288
6876,3.20373
6877,3.22082
6878,3.0434
6879,2.27587
6880,1.69593
6881,0.57061
6882,0
6883,0
6884,0
6885,0
6886,0
6887,0
6888,0
6889,0
6890,0
6891,0
6892,0
6893,0
6894,0
6895,0.0718811
6896,0.890846
6897,1.75998
6898,2.39369
6899,2.862
6900,3.06272
6901,3.01493
6902,2.76443
6903,2.28211
6904,1.07564
6905,0.487875
6906,0
6907,0
6908,0
6909,0
6910,0
6911,0
6912,0
6913,0
6914,0
6915,0
6916,0
6917,0
6918,0
6919,0
6920,0.346107
6921,0.431076
6922,1.45241
6923,1.77034
6924,1.89114
6925,2.75151
6926,2.4865
6927,1.59786
6928,0.81455
6929,0.385482
6930,0
6931,0
6932,0
6933,0
6934,0
6935,0
6936,0
6937,0
6938,0
6939,0
6940,0
6941,0
6942,0
6943,0.0324498
6944,0.673742
6945,1.61668
6946,2.25137
6947,2.61001
6948,2.86204
6949,2.83421
6950,1.33154
6951,2.20778
6952,1.15614
6953,0.546518
6954,0
6955,0
6956,0
6957,0
6958,0
6959,0
6960,0
6961,0
6962,0
6963,0
6964,0
6965,0
6966,0
6967,0.0532728
6968,0.844274
6969,1.74482
6970,2.41045
6971,2.68752
6972,2.84899
6973,2.82007
6974,2.60865
6975,2.37546
6976,1.6709
6977,0.728111
6978,0
6979,0
6980,0
6981,0
6982,0
6983,0
6984,0
6985,0
6986,0
6987,0
6988,0
6989,0
6990,0
6991,0.00794153
6992,0.649623
6993,1.09576
6994,1.12094
6995,1.79502
6996,1.92417
6997,2.21274
6998,2.73039
6999,1.23129
7000,1.57419
7001,0.529493
7002,0
7003,0
7004,0
7005,0
7006,0
7007,0
7008,0
7009,0
7010,0
7011,0
7012,0
7013,0
7014,0
7015,0.0271726
7016,0.598054
7017,1.77447
7018,2.41973
7019,2.88224
7020,2.88184
7021,2.90268
7022,2.44001
7023,2.18411
7024,1.48463
7025,0.733313
7026,0
7027,0
7028,0
7029,0
7030,0
7031,0
7032,0
7033,0
7034,0
7035,0
7036,0
7037,0
7038,0
7039,0
7040,0.201231
7041,0.698953
7042,1.41743
7043,2.73371
7044,2.94692
7045,3.29619
7046,3.01484
7047,2.44051
7048,1.62001
7049,0.637214
7050,0
7051,0
7052,0
7053,0
7054,0
7055,0
7056,0
7057,0
7058,0
7059,0
7060,0
7061,0
7062,0
7063,0.0275706
7064,0.802712
7065,1.67346
7066,2.6284
7067,3.09515
7068,3.11361
7069,3.25802
7070,2.98834
7071,2.46711
7072,1.59138
7073,0.7136
7074,0
7075,0
7076,0
7077,0
7078,0
7079,0
7080,0
7081,0
7082,0
7083,0
7084,0
7085,0
7086,0
7087,0.0109056
7088,0.764709
7089,1.6157
7090,1.04531
7091,2.29743
7092,3.06119
7093,3.1153
7094,2.77699
7095,2.34758
7096,1.58749
7097,0.582045
7098,0
7099,0
7100,0
7101,0
7102,0
7103,0
7104,0
7105,0
7106,0
7107,0
7108,0
7109,0
7110,0
7111,0.00936033
7112,0.775526
7113,1.64787
7114,2.36232
7115,2.883
7116,3.09273
7117,3.06616
7118,2.87781
7119,2.2674
7120,1.49201
7121,0.665047
7122,0
7123,0
7124,0
7125,0
7126,0
7127,0
7128,0
7129,0
7130,0
7131,0
7132,0
7133,0
7134,0
7135,0.00746391
7136,0.792753
7137,1.65461
7138,2.36783
7139,2.78184
7140,3.10501
7141,3.14272
7142,2.71857
7143,2.31409
7144,1.59245
7145,0
7146,0
7147,0
7148,0
7149,0
7150,0
7151,0
7152,0
7153,0
7154,0
7155,0
7156,0
7157,0
7158,0
7159,0
7160,0.780264
7161,1.66473
7162,2.26641
7163,2.83061
7164,3.0594
7165,3.1072
7166,2.85557
7167,2.39165
7168,1.47924
7169,0
7170,0
7171,0
7172,0
7173,0
7174,0
7175,0
7176,0
7177,0
7178,0
7179,0
7180,0
7181,0
7182,0
7183,0
7184,0.289735
7185,0.435698
7186,2.0455
7187,2.5462
7188,1.4122
7189,1.20489
7190,1.34582
7191,0.461896
7192,0.474417
7193,0
7194,0
7195,0
7196,0
7197,0
7198,0
7199,0
7200,0
7201,0
7202,0
7203,0
7204,0
7205,0
7206,0
7207,0
7208,0.0901616
7209,0.498396
7210,0.290844
7211,0.534339
7212,1.34725
7213,1.33848
7214,1.20903
7215,0.917031
7216,1.05685
7217,0
7218,0
7219,0
7220,0
7221,0
7222,0
7223,0
7224,0
7225,0
7226,0
7227,0
7228,0
7229,0
7230,0
7231,0
7232,0.216023
7233,0.414397
7234,0.573508
7235,0.931046
7236,1.49301
7237,0.88718
7238,0.621158
7239,0.496893
7240,0.863885
7241,0
7242,0
7243,0
7244,0
7245,0
7246,0
7247,0
7248,0
7249,0
7250,0
7251,0
7252,0
7253,0
7254,0
7255,0
7256,0.417047
7257,0.430022
7258,0.57069
7259,0.317539
7260,2.3035
7261,2.99365
7262,2.58976
7263,2.15417
7264,1.5536
7265,0
7266,0
7267,0
7268,0
7269,0
7270,0
7271,0
7272,0
7273,0
7274,0
7275,0
7276,0
7277,0
7278,0
7279,0
7280,0.750062
7281,1.67094
7282,2.17355
7283,2.66814
7284,2.75794
7285,2.9287
7286,2.65986
7287,2.24218
7288,1.49588
7289,0
7290,0
7291,0
7292,0
7293,0
7294,0
7295,0
7296,0
7297,0
7298,0
7299,0
7300,0
7301,0
7302,0
7303,0
7304,0.738281
7305,1.71058
7306,2.44648
7307,2.70535
7308,3.11513
7309,2.95224
7310,2.80422
7311,2.19
7312,1.4214
7313,0
7314,0
7315,0
7316,0
7317,0
7318,0
7319,0
7320,0
7321,0
7322,0
7323,0
7324,0
7325,0
7326,0
7327,0
7328,0.741386
7329,1.59693
7330,2.32708
7331,2.9789
7332,3.05569
7333,3.06828
7334,2.705
7335,2.03747
7336,1.43069
7337,0
7338,0
7339,0
7340,0
7341,0
7342,0
7343,0
7344,0
7345,0
7346,0
7347,0
7348,0
7349,0
7350,0
7351,0
7352,0.094507
7353,0.318026
7354,1.98393
7355,0.363564
7356,0.340329
7357,0.723526
7358,0.558459
7359,0.950108
7360,0.754637
7361,0
7362,0
7363,0
7364,0
7365,0
7366,0
7367,0
7368,0
7369,0
7370,0
7371,0
7372,0
7373,0
7374,0
7375,0
7376,0.619823
7377,0.395072
7378,0.278581
7379,0.801144
7380,0.342811
7381,0.572633
7382,0.314355
7383,0.241266
7384,0.133854
7385,0
7386,0
7387,0
7388,0
7389,0
7390,0
7391,0
7392,0
7393,0
7394,0
7395,0
7396,0
7397,0
7398,0
7399,0
7400,0.673901
7401,1.52874
7402,2.22553
7403,2.57637
7404,2.50096
7405,2.99691
7406,2.77497
7407,2.20213
7408,1.48437
7409,0
7410,0
7411,0
7412,0
7413,0
7414,0
7415,0
7416,0
7417,0
7418,0
7419,0
7420,0
7421,0
7422,0
7423,0
7424,0.656356
7425,1.60114
7426,2.25148
7427,2.64947
7428,3.04848
7429,2.97223
7430,2.65402
7431,2.22202
7432,1.44686
7433,0
7434,0
7435,0
7436,0
7437,0
7438,0
7439,0
7440,0
7441,0
7442,0
7443,0
7444,0
7445,0
7446,0
7447,0
7448,0.263316
7449,1.47525
7450,2.34648
7451,2.67513
7452,3.03672
7453,2.84048
7454,2.82163
7455,2.31919
7456,1.29325
7457,0
7458,0
7459,0
7460,0
7461,0
7462,0
7463,0
7464,0
7465,0
7466,0
7467,0
7468,0
7469,0
7470,0
7471,0
7472,0.216655
7473,0.624679
7474,1.07513
7475,0.333755
7476,0.409621
7477,0.384078
7478,0.309574
7479,0.210736
7480,0.554277
7481,0
7482,0
7483,0
7484,0
7485,0
7486,0
7487,0
7488,0
7489,0
7490,0
7491,0
7492,0
7493,0
7494,0
7495,0
7496,0.137029
7497,0.3496
7498,0.421065
7499,0.73867
7500,0.886618
7501,0.309204
7502,0.504203
7503,1.6666
7504,1.08258
7505,0
7506,0
7507,0
7508,0
7509,0
7510,0
7511,0
7512,0
7513,0
7514,0
7515,0
7516,0
7517,0
7518,0
7519,0
7520,0.0828803
7521,0.308357
7522,0.335309
7523,1.89717
7524,2.0081
7525,2.60159
7526,0.660701
7527,0.558103
7528,0.647801
7529,0.105811
7530,0
7531,0
7532,0
7533,0
7534,0
7535,0
7536,0
7537,0
7538,0
7539,0
7540,0
7541,0
7542,0
7543,0
7544,0.132112
7545,0.88113
7546,0.231953
7547,1.21405
7548,0.554081
7549,0.313484
7550,1.72133
7551,0.527063
7552,0.184439
7553,0.00866263
7554,0
7555,0
7556,0
7557,0
7558,0
7559,0
7560,0
7561,0
7562,0
7563,0
7564,0
7565,0
7566,0
7567,0
7568,0.51036
7569,1.46479
7570,1.98674
7571,2.3265
7572,2.93811
7573,2.87584
7574,2.8003
7575,2.13815
7576,0.376679
7577,0.0355308
7578,0
7579,0
7580,0
7581,0
7582,0
7583,0
7584,0
7585,0
7586,0
7587,0
7588,0
7589,0
7590,0
7591,0
7592,0.538614
7593,1.40501
7594,0.459663
7595,0.448678
7596,2.68714
7597,2.88802
7598,2.65826
7599,2.19339
7600,1.3067
7601,0.30935
7602,0
7603,0
7604,0
7605,0
7606,0
7607,0
7608,0
7609,0
7610,0
7611,0
7612,0
7613,0
7614,0
7615,0
7616,0.515075
7617,1.46562
7618,1.79496
7619,2.60813
7620,2.2313
7621,2.58792
7622,2.34295
7623,1.88886
7624,1.29994
7625,0.304452
7626,0
7627,0
7628,0
7629,0
7630,0
7631,0
7632,0
7633,0
7634,0
7635,0
7636,0
7637,0
7638,0
7639,0
7640,0.0934253
7641,0.51899
7642,0.991544
7643,1.13651
7644,1.40178
7645,2.06678
7646,1.49684
7647,0.520755
7648,0.455402
7649,0.0427934
7650,0
7651,0
7652,0
7653,0
7654,0
7655,0
7656,0
7657,0
7658,0
7659,0
7660,0
7661,0
7662,0
7663,0
7664,0.256016
7665,0.436578
7666,0.893061
7667,0.594224
7668,1.38728
7669,2.19538
7670,2.06262
7671,2.09521
7672,1.14607
7673,0.25249
7674,0
7675,0
7676,0
7677,0
7678,0
7679,0
7680,0
7681,0
7682,0
7683,0
7684,0
7685,0
7686,0
7687,0
7688,0.470367
7689,1.44938
7690,2.10362
7691,2.50506
7692,2.82149
7693,2.84753
7694,2.59615
7695,1.89771
7696,1.37496
7697,0.300973
7698,0
7699,0
7700,0
7701,0
7702,0
7703,0
7704,0
7705,0
7706,0
7707,0
7708,0
7709,0
7710,0
7711,0
7712,0.405004
7713,0.883331
7714,2.19733
7715,2.68968
7716,2.96957
7717,3.01698
7718,2.41549
7719,1.83538
7720,1.3197
7721,0.282397
7722,0
7723,0
7724,0
7725,0
7726,0
7727,0
7728,0
7729,0
7730,0
7731,0
7732,0
7733,0
7734,0
7735,0
7736,0.0718437
7737,1.31458
7738,2.1952
7739,2.74454
7740,2.97217
7741,2.89398
7742,2.70626
7743,2.12684
7744,1.36476
7745,0.287122
7746,0
7747,0
7748,0
7749,0
7750,0
7751,0
7752,0
7753,0
7754,0
7755,0
7756,0
7757,0
7758,0
7759,0
7760,0.43913
7761,1.46165
7762,2.1249
7763,2.65152
7764,2.95072
7765,2.8531
7766,2.56694
7767,2.10579
7768,1.3707
7769,0.285127
7770,0
7771,0
7772,0
7773,0
7774,0
7775,0
7776,0
7777,0
7778,0
7779,0
7780,0
7781,0
7782,0
7783,0
7784,0.411616
7785,1.46786
7786,2.15855
7787,2.72793
7788,2.96893
7789,3.12435
7790,2.76285
7791,2.11535
7792,1.41944
7793,0.291256
7794,0
7795,0
7796,0
7797,0
7798,0
7799,0
7800,0
7801,0
7802,0
7803,0
7804,0
7805,0
7806,0
7807,0
7808,0.347676
7809,1.37311
7810,2.10761
7811,2.66509
7812,2.89831
7813,2.81626
7814,2.4592
7815,2.08272
7816,1.25275
7817,0.248875
7818,0
7819,0
7820,0
7821,0
7822,0
7823,0
7824,0
7825,0
7826,0
7827,0
7828,0
7829,0
7830,0
7831,0
7832,0.42652
7833,1.36425
7834,2.16281
7835,2.65203
7836,2.88662
7837,2.93088
7838,2.57117
7839,2.04353
7840,1.18604
7841,0.235881
7842,0
7843,0
7844,0
7845,0
7846,0
7847,0
7848,0
7849,0
7850,0
7851,0
7852,0
7853,0
7854,0
7855,0
7856,0.42335
7857,1.26182
7858,2.14307
7859,2.56776
7860,2.74461
7861,2.838
7862,2.61036
7863,2.01293
7864,1.2219
7865,0.231461
7866,0
7867,0
7868,0
7869,0
7870,0
7871,0
7872,0
7873,0
7874,0
7875,0
7876,0
7877,0
7878,0
7879,0
7880,0.102744
7881,0.296969
7882,0.532686
7883,1.62724
7884,1.68487
7885,2.43518
7886,2.20949
7887,1.82981
7888,0.682049
7889,0.079832
7890,0
7891,0
7892,0
7893,0
7894,0
7895,0
7896,0
7897,0
7898,0
7899,0
7900,0
7901,0
7902,0
7903,0
7904,0.144722
7905,1.29606
7906,2.12506
7907,2.43736
7908,2.45969
7909,2.67208
7910,1.93968
7911,1.97166
7912,0.790795
7913,0.120495
7914,0
7915,0
7916,0
7917,0
7918,0
7919,0
7920,0
7921,0
7922,0
7923,0
7924,0
7925,0
7926,0
7927,0
7928,0.0168523
7929,1.00957
7930,0.18849
7931,0.255524
7932,0.295447
7933,2.64224
7934,1.5099
7935,1.99124
7936,1.17883
7937,0.218172
7938,0
7939,0
7940,0
7941,0
7942,0
7943,0
7944,0
7945,0
7946,0
7947,0
7948,0
7949,0
7950,0
7951,0
7952,0.367118
7953,1.3749
7954,1.96567
7955,2.69427
7956,2.98578
7957,3.00357
7958,2.70612
7959,2.14602
7960,1.20619
7961,0.222751
7962,0
7963,0
7964,0
7965,0
7966,0
7967,0
7968,0
7969,0
7970,0
7971,0
7972,0
7973,0
7974,0
7975,0
7976,0.320082
7977,1.36907
7978,2.02267
7979,2.40584
7980,2.68479
7981,2.86219
7982,2.30427
7983,0.904093
7984,1.07317
7985,0.163129
7986,0
7987,0
7988,0
7989,0
7990,0
7991,0
7992,0
7993,0
7994,0
7995,0
7996,0
7997,0
7998,0
7999,0
8000,0.295007
8001,1.30815
8002,2.09077
8003,2.47918
8004,2.91093
8005,2.87347
8006,2.67984
8007,1.97079
8008,1.3115
8009,0.247859
8010,0
8011,0
8012,0
8013,0
8014,0
8015,0
8016,0
8017,0
8018,0
8019,0
8020,0
8021,0
8022,0
8023,0
8024,0.345302
8025,1.24712
8026,1.9112
8027,2.4234
8028,2.79287
8029,2.80224
8030,2.44379
8031,1.96961
8032,1.33168
8033,0.236214
8034,0
8035,0
8036,0
8037,0
8038,0
8039,0
8040,0
8041,0
8042,0
8043,0
8044,0
8045,0
8046,0
8047,0
8048,0.335197
8049,1.22045
8050,1.91909
8051,2.52345
8052,2.77131
8053,2.82376
8054,2.63766
8055,2.00834
8056,1.22896
8057,0.221712
8058,0
8059,0
8060,0
8061,0
8062,0
8063,0
8064,0
8065,0
8066,0
8067,0
8068,0
8069,0
8070,0
8071,0
8072,0.283526
8073,1.32023
8074,2.10213
8075,2.34864
8076,2.8166
8077,2.77496
8078,2.34213
8079,1.91747
8080,1.23175
8081,0.218486
8082,0
8083,0
8084,0
8085,0
8086,0
8087,0
8088,0
8089,0
8090,0
8091,0
8092,0
8093,0
8094,0
8095,0
8096,0.283985
8097,1.04382
8098,0.576716
8099,0.556506
8100,2.6037
8101,1.32643
8102,2.21255
8103,1.50156
8104,0.881481
8105,0.126783
8106,0
8107,0
8108,0
8109,0
8110,0
8111,0
8112,0
8113,0
8114,0
8115,0
8116,0
8117,0
8118,0
8119,0
8120,0.00609662
8121,1.14928
8122,2.00245
8123,2.6729
8124,2.87693
8125,2.6952
8126,2.57138
8127,2.0238
8128,1.00789
8129,0.174508
8130,0
8131,0
8132,0
8133,0
8134,0
8135,0
8136,0
8137,0
8138,0
8139,0
8140,0
8141,0
8142,0
8143,0
8144,0.0399652
8145,0.662921
8146,1.15867
8147,2.00604
8148,1.75457
8149,1.04375
8150,0.267062
8151,0.254752
8152,0.349319
8153,0.00518353
8154,0
8155,0
8156,0
8157,0
8158,0
8159,0
8160,0
8161,0
8162,0
8163,0
8164,0
8165,0
8166,0
8167,0
8168,0.163045
8169,1.05938
8170,1.82775
8171,0.269684
8172,1.08318
8173,2.54764
8174,2.16691
8175,0.515886
8176,0.992616
8177,0.143851
8178,0
8179,0
8180,0
8181,0
8182,0
8183,0
8184,0
8185,0
8186,0
8187,0
8188,0
8189,0
8190,0
8191,0
8192,0.00129237
8193,0.311092
8194,0.580598
8195,0.65033
8196,0.335244
8197,0.26502
8198,0.266383
8199,0.190634
8200,0.117259
8201,0
8202,0
8203,0
8204,0
8205,0
8206,0
8207,0
8208,0
8209,0
8210,0
8211,0
8212,0
8213,0
8214,0
8215,0
8216,0.11821
8217,0.443293
8218,0.475906
8219,1.1539
8220,2.19917
8221,1.62031
8222,2.50293
8223,1.82189
8224,1.23249
8225,0.221581
8226,0
8227,0
8228,0
8229,0
8230,0
8231,0
8232,0
8233,0
8234,0
8235,0
8236,0
8237,0
8238,0
8239,0
8240,0
8241,0.777563
8242,1.01572
8243,1.06787
8244,2.42572
8245,2.74156
8246,2.61979
8247,1.8413
8248,1.2521
8249,0.223931
8250,0
8251,0
8252,0
8253,0
8254,0
8255,0
8256,0
8257,0
8258,0
8259,0
8260,0
8261,0
8262,0
8263,0
8264,0.0783383
8265,0.368546
8266,1.38752
8267,2.19128
8268,2.86211
8269,2.88431
8270,2.5023
8271,2.00825
8272,1.22842
8273,0.222836
8274,0
8275,0
8276,0
8277,0
8278,0
8279,0
8280,0
8281,0
8282,0
8283,0
8284,0
8285,0
8286,0
8287,0
8288,0
8289,0.0920487
8290,0.245354
8291,1.24147
8292,2.631
8293,1.435
8294,0.517763
8295,0.190428
8296,1.20038
8297,0.203403
8298,0
8299,0
8300,0
8301,0
8302,0
8303,0
8304,0
8305,0
8306,0
8307,0
8308,0
8309,0
8310,0
8311,0
8312,0.173665
8313,1.12315
8314,1.84226
8315,2.35724
8316,2.63808
8317,2.01176
8318,2.31471
8319,1.35062
8320,0.86875
8321,0.150046
8322,0
8323,0
8324,0
8325,0
8326,0
8327,0
8328,0
8329,0
8330,0
8331,0
8332,0
8333,0
8334,0
8335,0
8336,0
8337,0.263129
8338,0.345138
8339,0.313442
8340,0.340844
8341,0.552929
8342,0.586933
8343,1.05308
8344,1.10585
8345,0.190203
8346,0
8347,0
8348,0
8349,0
8350,0
8351,0
8352,0
8353,0
8354,0
8355,0
8356,0
8357,0
8358,0
8359,0
8360,0.151034
8361,1.09697
8362,2.016
8363,2.544
8364,2.80578
8365,2.87102
8366,2.52717
8367,1.92101
8368,1.30589
8369,0.260867
8370,0
8371,0
8372,0
8373,0
8374,0
8375,0
8376,0
8377,0
8378,0
8379,0
8380,0
8381,0
8382,0
8383,0
8384,0.126901
8385,0.688754
8386,1.77702
8387,2.39132
8388,2.43383
8389,2.83247
8390,2.55109
8391,2.0504
8392,1.31469
8393,0.266177
8394,0
8395,0
8396,0
8397,0
8398,0
8399,0
8400,0
8401,0
8402,0
8403,0
8404,0
8405,0
8406,0
8407,0
8408,0.123262
8409,1.01746
8410,1.88711
8411,2.49545
8412,2.78349
8413,2.62722
8414,2.2412
8415,1.91325
8416,1.13464
8417,0.229667
8418,0
8419,0
8420,0
8421,0
8422,0
8423,0
8424,0
8425,0
8426,0
8427,0
8428,0
8429,0
8430,0
8431,0
8432,0.142564
8433,1.05568
8434,1.78645
8435,2.35022
8436,2.76232
8437,2.6179
8438,2.61833
8439,1.79691
8440,1.29228
8441,0.272105
8442,0
8443,0
8444,0
8445,0
8446,0
8447,0
8448,0
8449,0
8450,0
8451,0
8452,0
8453,0
8454,0
8455,0
8456,0.146675
8457,1.06033
8458,1.73562
8459,2.32846
8460,2.7053
8461,2.75651
8462,2.54159
8463,1.84493
8464,1.29563
8465,0.271201
8466,0
8467,0
8468,0
8469,0
8470,0
8471,0
8472,0
8473,0
8474,0
8475,0
8476,0
8477,0
8478,0
8479,0
8480,0.0746485
8481,0.315325
8482,0.854819
8483,0.320784
8484,0.653223
8485,1.51002
8486,0.54377
8487,0.66765
8488,1.0143
8489,0.182636
8490,0
8491,0
8492,0
8493,0
8494,0
8495,0
8496,0
8497,0
8498,0
8499,0
8500,0
8501,0
8502,0
8503,0
8504,0.0865889
8505,1.01823
8506,1.95761
8507,2.52434
8508,2.80653
8509,2.77694
8510,2.53677
8511,2.11543
8512,1.36052
8513,0.303946
8514,0
8515,0
8516,0
8517,0
8518,0
8519,0
8520,0
8521,0
8522,0
8523,0
8524,0
8525,0
8526,0
8527,0
8528,0.0571172
8529,0.966366
8530,1.83697
8531,2.62934
8532,2.86169
8533,2.82583
8534,2.73941
8535,2.21559
8536,1.36088
8537,0.298439
8538,0
8539,0
8540,0
8541,0
8542,0
8543,0
8544,0
8545,0
8546,0
8547,0
8548,0
8549,0
8550,0
8551,0
8552,0.1053
8553,0.992415
8554,1.81814
8555,2.48516
8556,2.79039
8557,2.86398
8558,2.63197
8559,2.10347
8560,1.34558
8561,0.330758
8562,0
8563,0
8564,0
8565,0
8566,0
8567,0
8568,0
8569,0
8570,0
8571,0
8572,0
8573,0
8574,0
8575,0
8576,0.0481642
8577,1.0333
8578,1.8441
8579,2.48215
8580,2.64609
8581,2.69532
8582,2.55652
8583,2.01314
8584,1.31022
8585,0.301638
8586,0
8587,0
8588,0
8589,0
8590,0
8591,0
8592,0
8593,0
8594,0
8595,0
8596,0
8597,0
8598,0
8599,0
8600,0.084758
8601,1.08542
8602,1.92334
8603,2.52355
8604,2.37016
8605,2.01006
8606,1.45284
8607,2.09638
8608,0.848446
8609,0.17514
8610,0
8611,0
8612,0
8613,0
8614,0
8615,0
8616,0
8617,0
8618,0
8619,0
8620,0
8621,0
8622,0
8623,0
8624,0
8625,0.0568971
8626,0.182009
8627,0.38368
8628,0.363817
8629,0.524576
8630,0.239154
8631,0.184748
8632,0.201755
8633,0.00536615
8634,0
8635,0
8636,0
8637,0
8638,0
8639,0
8640,0
8641,0
8642,0
8643,0
8644,0
8645,0
8646,0
8647,0
8648,0.028788
8649,0.417394
8650,0.160469
8651,0.227818
8652,0.273121
8653,0.269164
8654,0.500813
8655,0.187506
8656,0.199222
8657,0.00581099
8658,0
8659,0
8660,0
8661,0
8662,0
8663,0
8664,0
8665,0
8666,0
8667,0
8668,0
8669,0
8670,0
8671,0
8672,0.0145439
8673,0.0573747
8674,0.599454
8675,0.229405
8676,0.271735
8677,0.290587
8678,0.240493
8679,0.217142
8680,0.196754
8681,0.00929945
8682,0
8683,0
8684,0
8685,0
8686,0
8687,0
8688,0
8689,0
8690,0
8691,0
8692,0
8693,0
8694,0
8695,0
8696,0.0346739
8697,0.857844
8698,0.951082
8699,2.16496
8700,2.4993
8701,2.76509
8702,2.59457
8703,1.93763
8704,0.785326
8705,0.156742
8706,0
8707,0
8708,0
8709,0
8710,0
8711,0
8712,0
8713,0
8714,0
8715,0
8716,0
8717,0
8718,0
8719,0
8720,0
8721,0.817144
8722,0.180422
8723,0.228867
8724,1.55196
8725,0.96321
8726,1.20337
8727,1.70244
8728,0.343682
8729,0.0326417
8730,0
8731,0
8732,0
8733,0
8734,0
8735,0
8736,0
8737,0
8738,0
8739,0
8740,0
8741,0
8742,0
8743,0
8744,0
8745,0.865664
8746,1.05038
8747,0.35779
8748,2.73885
8749,2.36982
8750,0.313892
8751,0.439926
8752,0.145429
8753,0.00140475
8754,0
8755,0
8756,0
8757,0
8758,0
8759,0
8760,0
